INSERT INTO "Operations" ("Id","Name") VALUES
 (1,  'Academia'),
 (2,  'Academia de Artes Marciais'),
 (3,  'AgroPet'),
 (4,  'Artesanato'),
 (5,  'Assistência de Informática'),
 (6,  'Barbearia'),
 (7,  'Cafeteria'),
 (8,  'Camas e Colchões'),
 (9,  'Clube de Tennis'),
 (10,  'Clínicas Médicas e Odontológicas'),
 (11,  'Cobertura de Eventos'),
 (12,  'Construtora'),
 (13,  'Consultoria'),
 (14,  'Contabilidade'),
 (15,  'Corretor de Imóveis'),
 (16,  'Coworking e Espaços de Trabalho'),
 (17,  'Decoração e Festas'),
 (18,  'Direito'),
 (19,  'Eletrônicos'),
 (20,  'Empresas de Turismo'),
 (21,  'Engenharia, Arquitetura e Construção'),
 (22,  'Escola / Faculdade'),
 (23,  'Escola de Idiomas'),
 (24,  'Fisioterapia'),
 (25,  'Gráfica'),
 (26,  'Hotelaria'),
 (27,  'Instalação de Energia Solar'),
 (28,  'Lavanderias e delivery de roupas limpas'),
 (29,  'Loja de Eletrônicos'),
 (30,  'Loja de Ferramentas e Materiais de Construção'),
 (31,  'Loja de Malas, Mochilas e Bagagens'),
 (32,  'Movelaria'),
 (33,  'Oficinas'),
 (34,  'Padarias'),
 (35,  'Papelaria'),
 (36,  'Peixaria'),
 (37,  'Personal Trainer'),
 (38,  'Pet Shop'),
 (39,  'Postos de Gasolina'),
 (40,  'Produtos Químicos'),
 (41,  'Produtos para Bebês'),
 (42,  'Refrigeração'),
 (43,  'Restaurantes e Lanchonetes'),
 (44,  'Roupas e Acessórios'),
 (45,  'Roupas e Artigos de Surf e afins'),
 (46,  'Saúde e Bem Estar'),
 (47,  'Seguradora'),
 (48,  'Supermercados'),
 (49,  'Óticas');

INSERT INTO "Associates" 
("Id", "Name", "Description", "Email", "Benefit", "Situation", "AssociateImagemUrl") VALUES
(1, 'Dra. Mayara Leite', NULL, NULL, '20% de desconto na avaliação fisioterapêutica infantil', 'Parceria Concluída e Publicada', NULL),
(2, 'Esp. Yasllan Moura - Personal Trainer', NULL, NULL, '20% de desconto na confecção de treinos e na avaliação', 'Parceria Concluída e Publicada', NULL),
(3, 'Registartt - Propriedade Intelectual', NULL, NULL, '20% de desconto nos contratos firmados pela parceira', 'Parceria Concluída e Publicada', NULL),
(4, 'i9 - inove - Soluções Ambientais', NULL, 'sidnei@i9ambiental.eco.br', 'Desconto de 5% em kits de energia solar, juntamente com um brinde surpresa com abrangência para todo Nordeste', 'Parceria Concluída e Publicada', NULL),
(5, 'Colégio Vila Rica', NULL, NULL, NULL, 'Parceria em Análise', NULL),
(6, 'Colégio São Judas Tadeu', NULL, NULL, NULL, 'Parceria Rejeitada', NULL),
(7, 'Colégio Brasil (Antigo Isaac Newton)', NULL, NULL, NULL, 'Primeiro Contato', NULL),
(8, 'Refrinor', NULL, NULL, NULL, 'Selecione uma opção a seguir', NULL),
(9, 'Parmegianno', NULL, NULL, NULL, 'Primeiro Contato', NULL),
(10, 'Bicho do Mar', NULL, NULL, NULL, 'Primeiro Contato', NULL),
(11, 'Escola de Artes Marciais (Vizinho Assai)', NULL, NULL, NULL, 'Selecione uma opção a seguir', NULL),
(12, 'Kika Cake', NULL, NULL, NULL, 'Primeiro Contato', NULL),
(13, 'Ethos Açai', NULL, NULL, NULL, 'Parceria Rejeitada', NULL),
(14, 'Restaurante Victoria Paladares', NULL, NULL, NULL, 'Selecione uma opção a seguir', NULL),
(15, 'UMJ - Faculdade', NULL, NULL, NULL, 'Parceria Rejeitada', NULL),
(16, 'Cafe Au Lait - Galeria Boulevard', NULL, NULL, NULL, 'Parceria Rejeitada', NULL),
(17, 'Polly Ótica', NULL, NULL, NULL, 'Primeiro Contato', NULL),
(18, 'Arte Cetera', NULL, NULL, NULL, 'Parceria em Análise', NULL),
(19, 'Nudhe Lingerie', NULL, NULL, NULL, 'Parceria em Análise', NULL),
(20, 'Miss Jess', NULL, NULL, NULL, 'Parceria em Análise', NULL),
(21, 'Life Murilopolis - Galeria Boulevard Suplementos', NULL, NULL, NULL, 'Parceria Rejeitada', NULL),
(22, 'Herica Barros Genesis - Coworking (Boulevar)', NULL, NULL, NULL, 'Contrato em Andamento', NULL),
(23, 'Nova Barbearia - Murilopolis Vizinho ao Ethos', NULL, 'noovabarbearia@gmail.com', '10% de desconto nos serviços de: Corte/Barba/Corte e Barba', 'Parceria Concluída e Publicada', NULL),
(24, 'Pexiaria Frutos do Mar', NULL, NULL, NULL, 'Primeiro Contato', NULL),
(25, 'Ótica Inovar', NULL, NULL, NULL, 'Parceria em Análise', NULL),
(26, 'Recanto do Sabor', NULL, NULL, NULL, 'Ignorou Contato após sucessivas tentativas', NULL),
(27, 'Ibiza - Viagens e Turismo (Boulevard)', NULL, NULL, NULL, 'Parceria Rejeitada', NULL),
(28, 'Andrew Acessórios', NULL, NULL, NULL, 'Primeiro Contato', NULL),
(29, 'MK Brasil', NULL, NULL, '10% desconto nos produtos da MK Brasil', 'Aguardando assinatura do contrato', NULL),
(30, 'MK Sunny Couture', NULL, NULL, '10% desconto nos produtos da MK Sunny Couture', 'Aguardando assinatura do contrato', NULL),
(31, 'Deposito de Bebidas - Murilopólis', NULL, NULL, NULL, 'Primeiro Contato', NULL),
(32, 'Extreme Training Maceió', NULL, NULL, NULL, 'Selecione uma opção a seguir', NULL),
(33, 'Carlos Ricardo (Corretor - Antigo Vizinho Serramar)', NULL, NULL, NULL, 'Selecione uma opção a seguir', NULL),
(34, 'Clube Santa Barba', NULL, NULL, NULL, 'Selecione uma opção a seguir', NULL),
(35, 'Restaurante Bodega do Sertão', NULL, NULL, NULL, 'Selecione uma opção a seguir', NULL),
(36, 'Janga', NULL, NULL, NULL, 'Selecione uma opção a seguir', NULL),
(37, 'Hotel Falcão Arapiraca', NULL, NULL, NULL, 'Selecione uma opção a seguir', NULL),
(38, 'Entomofagi', NULL, NULL, NULL, 'Parceria Rejeitada', NULL),
(39, 'ARCCO Engenharia', NULL, NULL, NULL, 'Selecione uma opção a seguir', NULL),
(40, 'Bodega do Café', NULL, NULL, NULL, 'Selecione uma opção a seguir', NULL),
(41, 'Guaraná da Praia', NULL, NULL, NULL, 'Selecione uma opção a seguir', NULL),
(42, 'Rei Dog Petshop', NULL, NULL, NULL, 'Selecione uma opção a seguir', NULL),
(43, 'Colégio Saint Germain', NULL, NULL, NULL, 'Selecione uma opção a seguir', NULL),
(44, 'Colégio Santa Úrsula', NULL, NULL, NULL, 'Selecione uma opção a seguir', NULL),
(45, 'Felícia Festas Jatiúca', NULL, NULL, NULL, 'Selecione uma opção a seguir', NULL),
(46, 'Senna Barbearia Serraria', NULL, NULL, NULL, 'Primeiro Contato', NULL),
(47, 'Pesto Massas', NULL, NULL, NULL, 'Parceria Rejeitada', NULL),
(48, 'Vasconcelos Cake', NULL, NULL, '10% de desconto no Kit Festa', 'Parceria Concluída e Publicada', NULL),
(49, 'Studio de Pilates Greyce', NULL, NULL, NULL, 'Parceria Rejeitada', NULL),
(50, 'Helio Móveis', NULL, NULL, NULL, 'Primeiro Contato', NULL),
(51, 'Colégio Santa Tereza', NULL, NULL, NULL, 'Selecione uma opção a seguir', NULL),
(52, 'Colégio da Imaculada Conceição', NULL, NULL, NULL, 'Selecione uma opção a seguir', NULL),
(53, 'Colégio Santíssima Trindade', NULL, NULL, NULL, 'Primeiro Contato', NULL),
(54, 'Escola SEB Maceió', NULL, NULL, NULL, 'Selecione uma opção a seguir', NULL),
(55, 'Escola Cristo Redentor', NULL, NULL, NULL, 'Selecione uma opção a seguir', NULL),
(56, 'Colégio Santíssimo Sacramento', NULL, NULL, NULL, 'Primeiro Contato', NULL),
(57, 'Colégio Russel Farol', NULL, NULL, NULL, 'Selecione uma opção a seguir', NULL),
(58, 'Espaço de Desenvolvimento Jean Piaget', NULL, NULL, NULL, 'Selecione uma opção a seguir', NULL),
(59, 'COLÉGIO CID SYSTEM UNIDADE JATIÚCA - Antigo Colégio Guimarães', NULL, NULL, NULL, 'Parceria em Análise', NULL),
(60, 'Colégio Marista Maceió', NULL, NULL, NULL, 'Selecione uma opção a seguir', NULL),
(61, 'Dom Bosco Maceió - Rede Única Educação', NULL, NULL, NULL, 'Primeiro Contato', NULL),
(62, 'Colégio Dinâmico', NULL, NULL, NULL, 'Selecione uma opção a seguir', NULL),
(63, 'Colégio D''Lins', NULL, NULL, NULL, 'Selecione uma opção a seguir', NULL),
(64, 'Colégio Santa Amélia', NULL, NULL, NULL, 'Selecione uma opção a seguir', NULL),
(65, 'Colégio Integrado', NULL, NULL, NULL, 'Primeiro Contato', NULL),
(66, 'Colégio Santíssimo Senhor', NULL, NULL, NULL, 'Selecione uma opção a seguir', NULL),
(67, 'Colégio Nossa Senhora Aparecida COC', NULL, NULL, NULL, 'Selecione uma opção a seguir', NULL),
(68, 'Colégio Monteiro Lobato', NULL, NULL, NULL, 'Selecione uma opção a seguir', NULL),
(69, 'Colégio Cristo Rei', NULL, NULL, NULL, 'Selecione uma opção a seguir', NULL),
(70, 'Colégio Elite', NULL, NULL, NULL, 'Selecione uma opção a seguir', NULL),
(71, 'Colégio São Raphael', NULL, NULL, NULL, 'Selecione uma opção a seguir', NULL),
(72, 'Colégio São Lucas', NULL, NULL, NULL, 'Selecione uma opção a seguir', NULL),
(73, 'Colégio IEP', NULL, NULL, NULL, 'Selecione uma opção a seguir', NULL),
(74, 'Creche Escola Leonardo da Vinci', NULL, NULL, NULL, 'Primeiro Contato', NULL),
(75, 'Colégio Rosalvo', NULL, NULL, NULL, 'Selecione uma opção a seguir', NULL),
(76, 'Colégio Jambo', NULL, NULL, NULL, 'Selecione uma opção a seguir', NULL),
(77, 'Colégio Agnes Maceió', NULL, NULL, NULL, 'Selecione uma opção a seguir', NULL),
(78, 'Escola de tempo integral Arte de Educar', NULL, NULL, NULL, 'Selecione uma opção a seguir', NULL),
(79, 'Colégio Rosa Mística', NULL, NULL, NULL, 'Selecione uma opção a seguir', NULL),
(80, 'Escola Oficina da Vida', NULL, NULL, NULL, 'Selecione uma opção a seguir', NULL),
(81, 'Colégio Diogenes Jucá Bernardes', NULL, NULL, NULL, 'Selecione uma opção a seguir', NULL),
(82, 'Colégio Galileu', NULL, NULL, NULL, 'Selecione uma opção a seguir', NULL),
(83, 'Escola Futuro Brilhante', NULL, NULL, NULL, 'Parceria em Análise', NULL),
(84, 'Escola Aprender a Crescer', NULL, NULL, NULL, 'Selecione uma opção a seguir', NULL),
(85, 'Colegio Maria José Omena', NULL, NULL, NULL, 'Selecione uma opção a seguir', NULL),
(86, 'Colégio Paulo Freire', NULL, NULL, NULL, 'Selecione uma opção a seguir', NULL),
(87, 'Colégio Madalena Sofia', NULL, NULL, NULL, 'Selecione uma opção a seguir', NULL),
(88, 'Colégio 29 de Julho', NULL, NULL, NULL, 'Selecione uma opção a seguir', NULL),
(89, 'Escola O Patinho Feio', NULL, NULL, NULL, 'Primeiro Contato', NULL),
(90, 'Educativo Kids Maceió', NULL, NULL, NULL, 'Selecione uma opção a seguir', NULL),
(91, 'Colégio Anchieta', NULL, NULL, NULL, 'Selecione uma opção a seguir', NULL),
(92, 'CEGF - Centro Educacional Geração Futura', NULL, NULL, NULL, 'Selecione uma opção a seguir', NULL),
(93, 'Colégio Atheneu', NULL, NULL, NULL, 'Selecione uma opção a seguir', NULL),
(94, 'UNIASSELVI - Faculdade EAD', NULL, NULL, NULL, 'Primeiro Contato', NULL),
(95, 'Colégio São José', NULL, NULL, NULL, 'Selecione uma opção a seguir', NULL),
(96, 'Colégio do Sagrado Coração de Maria', NULL, NULL, NULL, 'Selecione uma opção a seguir', NULL),
(97, 'COLÉGIO SANTÍSSIMO REI', NULL, NULL, NULL, 'Primeiro Contato', NULL),
(98, 'Escola Integral O Verbo', NULL, NULL, NULL, 'Selecione uma opção a seguir', NULL),
(99, 'Colégio Ativo', NULL, NULL, NULL, 'Selecione uma opção a seguir', NULL),
(101, 'Colégio Maria Montessori', NULL, NULL, NULL, 'Selecione uma opção a seguir', NULL),
(102, 'Colégio Santa Rosa', NULL, NULL, NULL, 'Selecione uma opção a seguir', NULL),
(103, 'Expoente Colégio e Cursos', NULL, NULL, NULL, 'Selecione uma opção a seguir', NULL),
(104, 'CEST-Centro Educacional Santa Terezinha', NULL, NULL, NULL, 'Selecione uma opção a seguir', NULL),
(105, 'Escola Monte Carmelo', NULL, NULL, NULL, 'Selecione uma opção a seguir', NULL),
(106, 'Escola Pingo de Gente', NULL, NULL, NULL, 'Selecione uma opção a seguir', NULL),
(107, 'Colégio Sagrada Família Gama', NULL, NULL, NULL, 'Selecione uma opção a seguir', NULL),
(108, 'Maple Bear Canadian School', NULL, NULL, NULL, 'Selecione uma opção a seguir', NULL),
(109, 'Colégio Monsenhor Luis Barbosa', NULL, NULL, NULL, 'Selecione uma opção a seguir', NULL),
(110, 'Colégio Santa Lucia', NULL, NULL, NULL, 'Selecione uma opção a seguir', NULL),
(111, 'Colégio Intensivo', NULL, NULL, NULL, 'Selecione uma opção a seguir', NULL),
(112, 'Colégio Contato', NULL, NULL, NULL, 'Selecione uma opção a seguir', NULL),
(113, 'FACIMA - Faculdade da Cidade de Maceió', NULL, NULL, NULL, 'Selecione uma opção a seguir', NULL),
(114, 'UNIMA | AFYA - Centro Universitário de Maceió', NULL, NULL, NULL, 'Selecione uma opção a seguir', NULL),
(115, 'FAN - Faculdade de Administração e Negócios', NULL, NULL, NULL, 'Selecione uma opção a seguir', NULL),
(116, 'UNINTER MACEIÓ', NULL, NULL, NULL, 'Primeiro Contato', NULL),
(117, 'Faculdade Raimundo Marinho', NULL, NULL, NULL, 'Selecione uma opção a seguir', NULL),
(118, 'Faculdade SEUNE', NULL, NULL, NULL, 'Selecione uma opção a seguir', NULL),
(119, 'FAA-IESA', NULL, NULL, NULL, 'Selecione uma opção a seguir', NULL),
(120, 'UNIATENEU Maceió', NULL, NULL, NULL, 'Primeiro Contato', NULL),
(121, 'Faculdade Impacto', NULL, NULL, NULL, 'Selecione uma opção a seguir', NULL),
(122, 'UniFG - Polo Maceió', NULL, NULL, NULL, 'Selecione uma opção a seguir', NULL),
(123, 'Cesmac', NULL, NULL, NULL, 'Primeiro Contato', NULL),
(124, 'Escola Microlins', NULL, NULL, NULL, 'Selecione uma opção a seguir', NULL),
(125, 'IEP - Instituto de Evolução Profissional', NULL, NULL, NULL, 'Primeiro Contato', NULL),
(126, 'Centro de Ensino Grau Técnico - Maceió', NULL, NULL, NULL, 'Selecione uma opção a seguir', NULL),
(127, 'Centro de Ensino Santa Juliana', NULL, NULL, NULL, 'Primeiro Contato', NULL),
(128, 'Mais Maceió Isoladas', NULL, NULL, NULL, 'Selecione uma opção a seguir', NULL),
(129, 'G5 Matérias Isoladas', NULL, NULL, NULL, 'Parceria Rejeitada', NULL),
(130, 'Núcleo de Isoladas', NULL, NULL, NULL, 'Primeiro Contato', NULL),
(131, 'Tribo Fitness Maceió', NULL, NULL, NULL, 'Primeiro Contato', NULL),
(132, 'Cross Experience - Serraria', NULL, NULL, NULL, 'Primeiro Contato', NULL),
(133, 'Crossfit Corais', NULL, NULL, NULL, 'Primeiro Contato', NULL),
(134, 'CrossFit Zero Oito Dois (082)', NULL, NULL, NULL, 'Primeiro Contato', NULL),
(135, 'BOX 7 Maceió', NULL, NULL, NULL, 'Primeiro Contato', NULL),
(136, 'Black Box Academia', NULL, NULL, NULL, 'Primeiro Contato', NULL),
(137, 'Tr Fitness Crossfit', NULL, NULL, NULL, 'Primeiro Contato', NULL),
(138, 'Light Box Crossfit', NULL, NULL, NULL, 'Primeiro Contato', NULL),
(139, 'Fit Arena', NULL, NULL, NULL, 'Selecione uma opção a seguir', NULL),
(140, 'N2FIT.ACADEMIA', NULL, NULL, NULL, 'Primeiro Contato', NULL),
(141, 'GYM FIT MCZ', NULL, NULL, '5% de desconto nos produtos/serviços oferecidos pela empresa.', 'Parceria Concluída e Publicada', NULL),
(142, 'Academia Club Fitness', NULL, NULL, NULL, 'Primeiro Contato', NULL),
(143, 'Academia Motivação Fitness', NULL, NULL, NULL, 'Parceria Rejeitada', NULL),
(144, 'Glaxy Fitness', NULL, NULL, NULL, 'Parceria Rejeitada', NULL),
(145, 'JK Fitness', NULL, NULL, NULL, 'Primeiro Contato', NULL),
(146, 'Crossfit Pajuçara', NULL, NULL, NULL, 'Primeiro Contato', NULL),
(147, 'Academia Socialfit', NULL, NULL, NULL, 'Primeiro Contato', NULL),
(148, 'Academia Foco Fitness', NULL, NULL, NULL, 'Primeiro Contato', NULL),
(149, 'King''s Cross', NULL, NULL, NULL, 'Primeiro Contato', NULL),
(150, 'CF SPARTA', NULL, NULL, NULL, 'Primeiro Contato', NULL),
(151, 'WOD BASE - Cross Training', NULL, NULL, NULL, 'Primeiro Contato', NULL),
(152, 'Academia Mais Fitness', NULL, NULL, NULL, 'Primeiro Contato', NULL),
(153, 'Academia Habeas Corpus', NULL, NULL, NULL, 'Primeiro Contato', NULL),
(154, 'CACTUS FITNESS BOX', NULL, NULL, NULL, 'Primeiro Contato', NULL),
(155, 'Academia Km Fitness', NULL, NULL, NULL, 'Primeiro Contato', NULL),
(156, 'Aerofit Academia', NULL, NULL, NULL, 'Primeiro Contato', NULL),
(157, 'Five Studio Fitness', NULL, NULL, NULL, 'Primeiro Contato', NULL),
(158, 'SKYFIT GRUTA DE LOURDES', NULL, NULL, NULL, 'Primeiro Contato', NULL),
(159, 'Arcanjo Barbearia', NULL, NULL, NULL, 'Parceria Rejeitada', NULL),
(160, 'Barbearia Gazzola', NULL, NULL, NULL, 'Primeiro Contato', NULL),
(161, 'Barbearia Velha Guarda', NULL, NULL, NULL, 'Primeiro Contato', NULL),
(162, 'Barbearia 18 dejulho', NULL, NULL, NULL, 'Primeiro Contato', NULL),
(163, 'Barbearia JS Barbershop', NULL, NULL, NULL, 'Primeiro Contato', NULL),
(164, 'Baiano Barbearia', NULL, NULL, NULL, 'Parceria em Análise', NULL),
(165, 'Arena Barbearia', NULL, NULL, NULL, 'Selecione uma opção a seguir', NULL),
(166, 'Barbearia Alagoana', NULL, NULL, NULL, 'Primeiro Contato', NULL),
(167, 'Barong Barbearia', NULL, NULL, NULL, 'Primeiro Contato', NULL),
(168, 'Cabelo No Grau', NULL, NULL, NULL, 'Primeiro Contato', NULL),
(169, 'Benvindo’s Barbearia', NULL, NULL, NULL, 'Primeiro Contato', NULL),
(170, 'Barbearia Estética Club', NULL, NULL, NULL, 'Primeiro Contato', NULL),
(171, 'Jackson Do Corte Barbearia', NULL, NULL, NULL, 'Primeiro Contato', NULL),
(172, 'Efac Barbearia', NULL, NULL, NULL, 'Primeiro Contato', NULL),
(173, 'Barbearia RB Barbershop mcz', NULL, NULL, NULL, 'Parceria Rejeitada', NULL),
(174, 'Look Barber Club | Barbearia', NULL, NULL, NULL, 'Primeiro Contato', NULL),
(175, 'Barbearia don feitosa', NULL, NULL, 'Falei com Sara Recepcionista (82) 98731-8618', 'Primeiro Contato', NULL),
(176, 'Sports Barbershop', NULL, NULL, NULL, 'Primeiro Contato', NULL),
(177, 'O Rei da Navalha', NULL, NULL, NULL, 'Primeiro Contato', NULL),
(178, 'Barbearia Antiga Serraria VIP', NULL, NULL, NULL, 'Primeiro Contato', NULL),
(179, 'Barbearia Point dos Cortes', NULL, NULL, NULL, 'Primeiro Contato', NULL),
(180, 'Sr. Gruta Barbearia', NULL, NULL, NULL, 'Primeiro Contato', NULL),
(181, 'Amsterdã Rocha Barbearia 24 Horas', NULL, NULL, NULL, 'Selecione uma opção a seguir', NULL),
(182, 'Empório Barbearia', NULL, NULL, NULL, 'Primeiro Contato', NULL),
(183, 'Barbearia Allee Cortes | Barbearia', NULL, NULL, NULL, 'Primeiro Contato', NULL),
(184, 'Barbearia MCZ', NULL, NULL, NULL, 'Primeiro Contato', NULL),
(185, 'Mano’s Barber Shop', NULL, NULL, NULL, 'Primeiro Contato', NULL),
(186, 'Camel Solar - Instalação de Energia Solar Fotovoltaica em Alagoas', NULL, NULL, NULL, 'Primeiro Contato', NULL),
(187, 'MACEIÓ ENERGIA SOLAR LTDA', NULL, NULL, NULL, 'Primeiro Contato', NULL),
(188, 'Força e Luz | Distribuidor Energia Solar', NULL, NULL, NULL, 'Primeiro Contato', NULL),
(189, 'SOLUTHI ENERGY', NULL, NULL, NULL, 'Parceria em Análise', NULL),
(190, 'Raio Solar Energy', NULL, NULL, NULL, 'Primeiro Contato', NULL),
(191, 'D''Solare Energia e Inovação', NULL, NULL, NULL, 'Parceria em Análise', NULL),
(192, 'Elyt Solar Engenharia Elétrica', NULL, NULL, NULL, 'Parceria Rejeitada', NULL),
(193, 'Ecosolar Energia Solar', NULL, NULL, NULL, 'Primeiro Contato', NULL),
(194, 'RV SOLAR', NULL, NULL, NULL, 'Primeiro Contato', NULL),
(195, 'HCC Energia Solar', NULL, NULL, NULL, 'Primeiro Contato', NULL),
(196, 'Solar Alagoas', NULL, NULL, NULL, 'Primeiro Contato', NULL),
(197, 'MCZ Mais Solar', NULL, NULL, NULL, 'Primeiro Contato', NULL),
(198, 'KL Solar', NULL, NULL, NULL, 'Parceria em Análise', NULL),
(199, 'Solaric Energia Fotovoltaica', NULL, NULL, NULL, 'Primeiro Contato', NULL),
(200, 'Clube do Fera', NULL, NULL, '15% em descontos e mensalidades', 'Contrato em Andamento', NULL);

INSERT INTO "AssociateOperations" ("AssociateId", "OperationId") VALUES
(1, 24),
(2, 37),
(3, 18),
(4, 27),
(5, 22),
(6, 22),
(7, 22),
(8, 42),
(9, 43),
(10, 43),
(11, 2),
(12, 43),
(13, 43),
(14, 43),
(15, 22),
(16, 7),
(17, 49),
(18, 4),
(19, 44),
(20, 44),
(21, 46),
(22, 16),
(23, 6),
(24, 36),
(25, 49),
(26, 43),
(27, 20),
(28, 19),
(29, 44),
(30, 44),
(31, 48),
(32, 1),
(33, 15),
(34, 6),
(35, 43),
(36, 43),
(37, 26),
(38, 38),
(39, 12),
(40, 7),
(41, 43),
(42, 38),
(43, 22),
(44, 22),
(45, 35),
(46, 6),
(47, 43),
(48, 7),
(49, 46),
(50, 32),
(51, 22),
(52, 22),
(53, 22),
(54, 22),
(55, 22),
(56, 22),
(57, 22),
(58, 22),
(59, 22),
(60, 22),
(61, 22),
(62, 22),
(63, 22),
(64, 22),
(65, 22),
(66, 22),
(67, 22),
(68, 22),
(69, 22),
(70, 22),
(71, 22),
(72, 22),
(73, 22),
(74, 22),
(75, 22),
(76, 22),
(77, 22),
(78, 22),
(79, 22),
(80, 22),
(81, 22),
(82, 22),
(83, 22),
(84, 22),
(85, 22),
(86, 22),
(87, 22),
(88, 22),
(89, 22),
(90, 22),
(91, 22),
(92, 22),
(93, 22),
(94, 22),
(95, 22),
(96, 22),
(97, 22),
(98, 22),
(99, 22),
(100, 22);
(101, 22),
(102, 22),
(103, 22),
(104, 22),
(105, 22),
(106, 22),
(107, 22),
(108, 22),
(109, 22),
(110, 22),
(111, 22),
(112, 22),
(113, 22),
(114, 22),
(115, 22),
(116, 22),
(117, 22),
(118, 22),
(119, 22),
(120, 22),
(121, 22),
(122, 22),
(123, 22),
(124, 22),
(125, 22),
(126, 22),
(127, 22),
(128, 22),
(129, 22),
(130, 22),
(131, 1),
(132, 1),
(133, 1),
(134, 1),
(135, 1),
(136, 1),
(137, 1),
(138, 1),
(139, 1),
(140, 1),
(141, 1),
(142, 1),
(143, 1),
(144, 1),
(145, 1),
(146, 1),
(147, 1),
(148, 1),
(149, 1),
(150, 1),
(151, 1),
(152, 1),
(153, 1),
(154, 1),
(155, 1),
(156, 1),
(157, 1),
(158, 1),
(159, 6),
(160, 6),
(161, 6),
(162, 6),
(163, 6),
(164, 6),
(165, 6),
(166, 6),
(167, 6),
(168, 6),
(169, 6),
(170, 6),
(171, 6),
(172, 6),
(173, 6),
(174, 6),
(175, 6),
(176, 6),
(177, 6),
(178, 6),
(179, 6),
(180, 6),
(181, 6),
(182, 6),
(183, 6),
(184, 6),
(185, 6),
(186, 27),
(187, 27),
(188, 27),
(189, 27),
(190, 27),
(191, 27),
(192, 27),
(193, 27),
(194, 27),
(195, 27),
(196, 27),
(197, 27),
(198, 27),
(199, 27),
(200, 22);

INSERT INTO "Associates"
 ("Id","Name","Description","Email","Benefit","Situation","AssociateImagemUrl") VALUES
 (201, 'Camerino Cursos', NULL, NULL,
 NULL, 'Selecione uma opção a seguir', NULL);
INSERT INTO "Associates"
 ("Id","Name","Description","Email","Benefit","Situation","AssociateImagemUrl") VALUES
 (202, 'Roll Up Pilates Studios', NULL, NULL,
 NULL, 'Primeiro Contato', NULL);
INSERT INTO "Associates"
 ("Id","Name","Description","Email","Benefit","Situation","AssociateImagemUrl") VALUES
 (203, 'StudioPatríciaPassos', NULL, NULL,
 NULL, 'Primeiro Contato', NULL);
INSERT INTO "Associates"
 ("Id","Name","Description","Email","Benefit","Situation","AssociateImagemUrl") VALUES
 (204, 'Larissa Buarque Studio de Pilates', NULL, NULL,
 NULL, 'Primeiro Contato', NULL);
INSERT INTO "Associates"
 ("Id","Name","Description","Email","Benefit","Situation","AssociateImagemUrl") VALUES
 (205, 'INSPIRA PILATES STUDIO', NULL, NULL,
 NULL, 'Parceria Rejeitada', NULL);
INSERT INTO "Associates"
 ("Id","Name","Description","Email","Benefit","Situation","AssociateImagemUrl") VALUES
 (206, 'Espaço Vita', NULL, NULL,
 NULL, 'Primeiro Contato', NULL);
INSERT INTO "Associates"
 ("Id","Name","Description","Email","Benefit","Situation","AssociateImagemUrl") VALUES
 (207, 'Studio Fisio Pilates', NULL, NULL,
 NULL, 'Primeiro Contato', NULL);
INSERT INTO "Associates"
 ("Id","Name","Description","Email","Benefit","Situation","AssociateImagemUrl") VALUES
 (208, 'Fisio & Forma Pilates', NULL, NULL,
 NULL, 'Primeiro Contato', NULL);
INSERT INTO "Associates"
 ("Id","Name","Description","Email","Benefit","Situation","AssociateImagemUrl") VALUES
 (209, 'Pilates S2 Medeiros', NULL, NULL,
 NULL, 'Primeiro Contato', NULL);
INSERT INTO "Associates"
 ("Id","Name","Description","Email","Benefit","Situation","AssociateImagemUrl") VALUES
 (210, 'Fisiostudio Débora Maria', NULL, NULL,
 NULL, 'Primeiro Contato', NULL);
INSERT INTO "Associates"
 ("Id","Name","Description","Email","Benefit","Situation","AssociateImagemUrl") VALUES
 (211, 'Studio Balance - Galeria Boulevard Pilates Ledivania', NULL, NULL,
 NULL, 'Primeiro Contato', NULL);
INSERT INTO "Associates"
 ("Id","Name","Description","Email","Benefit","Situation","AssociateImagemUrl") VALUES
 (212, 'FisioCorpus Pilates', NULL, NULL,
 NULL, 'Selecione uma opção a seguir', NULL);
INSERT INTO "Associates"
 ("Id","Name","Description","Email","Benefit","Situation","AssociateImagemUrl") VALUES
 (213, 'Fisioterapia Pilates Alana Cordeiro', NULL, NULL,
 NULL, 'Parceria em Análise', NULL);
INSERT INTO "Associates"
 ("Id","Name","Description","Email","Benefit","Situation","AssociateImagemUrl") VALUES
 (214, 'Leila Rocha Pilates', NULL, NULL,
 NULL, 'Primeiro Contato', NULL);
INSERT INTO "Associates"
 ("Id","Name","Description","Email","Benefit","Situation","AssociateImagemUrl") VALUES
 (215, 'Centro de Treinamento Especializado', NULL, NULL,
 NULL, 'Primeiro Contato', NULL);
INSERT INTO "Associates"
 ("Id","Name","Description","Email","Benefit","Situation","AssociateImagemUrl") VALUES
 (216, 'Studio de Pilates Nara Nascimento', NULL, NULL,
 NULL, 'Primeiro Contato', NULL);
INSERT INTO "Associates"
 ("Id","Name","Description","Email","Benefit","Situation","AssociateImagemUrl") VALUES
 (217, 'Studio Pilates Viver em Equilíbrio', NULL, NULL,
 NULL, 'Primeiro Contato', NULL);
INSERT INTO "Associates"
 ("Id","Name","Description","Email","Benefit","Situation","AssociateImagemUrl") VALUES
 (218, 'Clínica FisioTrate', NULL, NULL,
 NULL, 'Primeiro Contato', NULL);
INSERT INTO "Associates"
 ("Id","Name","Description","Email","Benefit","Situation","AssociateImagemUrl") VALUES
 (219, 'Evoar - Reabilitação Cardiopulmonar e Performance', NULL, NULL,
 NULL, 'Parceria Rejeitada', NULL);
INSERT INTO "Associates"
 ("Id","Name","Description","Email","Benefit","Situation","AssociateImagemUrl") VALUES
 (220, 'Centro Médico Fisioteravida', NULL, NULL,
 NULL, 'Selecione uma opção a seguir', NULL);
INSERT INTO "Associates"
 ("Id","Name","Description","Email","Benefit","Situation","AssociateImagemUrl") VALUES
 (221, 'Dr. Edney Barbosa - Fisioterapeuta e Quiropraxia Maceió', NULL, NULL,
 NULL, 'Primeiro Contato', NULL);
INSERT INTO "Associates"
 ("Id","Name","Description","Email","Benefit","Situation","AssociateImagemUrl") VALUES
 (222, 'Bettas Cursos e Investimentos', NULL, 'contato@bettascursos.com.br',
 '20% de deconto em todos os produtos do Bettas Cursos', 'Aguardando assinatura do contrato', NULL);
INSERT INTO "Associates"
 ("Id","Name","Description","Email","Benefit","Situation","AssociateImagemUrl") VALUES
 (223, 'Alysson Nobre Personal', NULL, NULL,
 'Novos valores diferenciados:
Ergoespirometria - De R$ 350,00 por R$ 300,00;
Calorimetria indireta - De R$ 250,00 por R$ 200,00
Bioimpedancia de 4ª geração - De R$ 200,00 por R$ 150,00
Nos planos de Assessoria (10% off com testes de bioimpedância incluindo):
- Assessoria esportiva planos trimestral - De R$ 700,00 por R$ 630,00 
- Assessoria esportiva planos semestral - De R$ 1.200,00 por R$ 1.080,00
- Assessoria esportiva planos trimestral - De R$ 1.500,00 por R$ 1.350,00]', 'Parceria Concluída e Publicada', NULL);
INSERT INTO "Associates"
 ("Id","Name","Description","Email","Benefit","Situation","AssociateImagemUrl") VALUES
 (224, 'Louge VIP Turismo', NULL, NULL,
 NULL, 'Primeiro Contato', NULL);
INSERT INTO "Associates"
 ("Id","Name","Description","Email","Benefit","Situation","AssociateImagemUrl") VALUES
 (225, 'Verdi Seguros', NULL, NULL,
 NULL, 'Primeiro Contato', NULL);
INSERT INTO "Associates"
 ("Id","Name","Description","Email","Benefit","Situation","AssociateImagemUrl") VALUES
 (226, 'Estação Cross MCZ', NULL, NULL,
 'Até 15% de desconto em qualquer produto da Loja', 'Aguardando assinatura do contrato', NULL);
INSERT INTO "Associates"
 ("Id","Name","Description","Email","Benefit","Situation","AssociateImagemUrl") VALUES
 (227, 'Assertiva Soluções Contábeis', NULL, 'contato@assertivasc.com.br',
 '30% de desconto no IRPF (Pessoa Física) e Abertura de empresa grátis e 20% de desconto nos honorários contábeis  para PJs.', 'Parceria Concluída e Publicada', NULL);
INSERT INTO "Associates"
 ("Id","Name","Description","Email","Benefit","Situation","AssociateImagemUrl") VALUES
 (228, 'Grupo Redes e Saberes', NULL, 'adm@gruporedesesaberes.com.br',
 'Inclusão de 3 a 5 análises de perfil comportamental DISC gratuitamente na contratação de soluções Redes e Saberes, com relatórios completos  e sugestões de plano de ação para desenvolvimento pessoal. Pode ser disponibilizada a líderes ou colaboradores.', 'Parceria Concluída e Publicada', NULL);
INSERT INTO "Associates"
 ("Id","Name","Description","Email","Benefit","Situation","AssociateImagemUrl") VALUES
 (229, 'Audaz Consultoria', NULL, NULL,
 '15% nos descontos dos serviços de consultoria', 'Contrato em Andamento', NULL);
INSERT INTO "Associates"
 ("Id","Name","Description","Email","Benefit","Situation","AssociateImagemUrl") VALUES
 (230, 'Curso Sthephano Sousa', NULL, NULL,
 NULL, 'Parceria em Análise', NULL);
INSERT INTO "Associates"
 ("Id","Name","Description","Email","Benefit","Situation","AssociateImagemUrl") VALUES
 (231, 'LA Engenharia', NULL, NULL,
 NULL, 'Parceria em Análise', NULL);
INSERT INTO "Associates"
 ("Id","Name","Description","Email","Benefit","Situation","AssociateImagemUrl") VALUES
 (232, 'Up Club', NULL, NULL,
 NULL, 'Contrato em Andamento', NULL);
INSERT INTO "Associates"
 ("Id","Name","Description","Email","Benefit","Situation","AssociateImagemUrl") VALUES
 (233, 'Loanne Los Estética', NULL, NULL,
 NULL, 'Contrato em Andamento', NULL);
INSERT INTO "Associates"
 ("Id","Name","Description","Email","Benefit","Situation","AssociateImagemUrl") VALUES
 (234, 'Arena Lyra', NULL, NULL,
 NULL, 'Primeiro Contato', NULL);
INSERT INTO "Associates"
 ("Id","Name","Description","Email","Benefit","Situation","AssociateImagemUrl") VALUES
 (235, 'Panificação Jatiúca', NULL, NULL,
 NULL, 'Primeiro Contato', NULL);
INSERT INTO "Associates"
 ("Id","Name","Description","Email","Benefit","Situation","AssociateImagemUrl") VALUES
 (236, 'Jaraguá Tenis Club', NULL, NULL,
 NULL, 'Selecione uma opção a seguir', NULL);
INSERT INTO "Associates"
 ("Id","Name","Description","Email","Benefit","Situation","AssociateImagemUrl") VALUES
 (237, 'Empório da Química', NULL, NULL,
 NULL, 'Selecione uma opção a seguir', NULL);
INSERT INTO "Associates"
 ("Id","Name","Description","Email","Benefit","Situation","AssociateImagemUrl") VALUES
 (238, 'Posto Tigre Shell', NULL, NULL,
 NULL, 'Selecione uma opção a seguir', NULL);
INSERT INTO "Associates"
 ("Id","Name","Description","Email","Benefit","Situation","AssociateImagemUrl") VALUES
 (239, 'Martelinho de Ouro (1)', NULL, NULL,
 NULL, 'Parceria em Análise', NULL);
INSERT INTO "Associates"
 ("Id","Name","Description","Email","Benefit","Situation","AssociateImagemUrl") VALUES
 (240, 'Kekel Pizza', NULL, NULL,
 NULL, 'Primeiro Contato', NULL);
INSERT INTO "Associates"
 ("Id","Name","Description","Email","Benefit","Situation","AssociateImagemUrl") VALUES
 (241, 'FisioPalm', NULL, NULL,
 NULL, 'Parceria Concluída e Publicada', NULL);
INSERT INTO "Associates"
 ("Id","Name","Description","Email","Benefit","Situation","AssociateImagemUrl") VALUES
 (242, 'LegalSelling', NULL, NULL,
 '10% de desconto nos 3 planos de implementação da metodologia', 'Parceria Concluída e Publicada', NULL);
INSERT INTO "Associates"
 ("Id","Name","Description","Email","Benefit","Situation","AssociateImagemUrl") VALUES
 (243, 'Restaurante Potiguar', NULL, NULL,
 NULL, 'Parceria Rejeitada', NULL);
INSERT INTO "Associates"
 ("Id","Name","Description","Email","Benefit","Situation","AssociateImagemUrl") VALUES
 (244, 'RR Lanches (Na Rua)', NULL, NULL,
 NULL, 'Parceria em Análise', NULL);
INSERT INTO "Associates"
 ("Id","Name","Description","Email","Benefit","Situation","AssociateImagemUrl") VALUES
 (245, 'No Espeto (Na Rua)', NULL, NULL,
 NULL, 'Parceria em Análise', NULL);
INSERT INTO "Associates"
 ("Id","Name","Description","Email","Benefit","Situation","AssociateImagemUrl") VALUES
 (246, 'Grupo Illa', NULL, NULL,
 NULL, 'Parceria em Análise', NULL);
INSERT INTO "Associates"
 ("Id","Name","Description","Email","Benefit","Situation","AssociateImagemUrl") VALUES
 (247, 'Old House Pizzaria', NULL, NULL,
 NULL, 'Parceria em Análise', NULL);
INSERT INTO "Associates"
 ("Id","Name","Description","Email","Benefit","Situation","AssociateImagemUrl") VALUES
 (248, 'Maria Coxinha', NULL, NULL,
 NULL, 'Parceria em Análise', NULL);
INSERT INTO "Associates"
 ("Id","Name","Description","Email","Benefit","Situation","AssociateImagemUrl") VALUES
 (249, 'Café Regional (Na Rua)', NULL, NULL,
 NULL, 'Parceria em Análise', NULL);
INSERT INTO "Associates"
 ("Id","Name","Description","Email","Benefit","Situation","AssociateImagemUrl") VALUES
 (250, 'Sucrepe (Na Rua)', NULL, NULL,
 NULL, 'Parceria Rejeitada', NULL);
INSERT INTO "Associates"
 ("Id","Name","Description","Email","Benefit","Situation","AssociateImagemUrl") VALUES
 (251, 'Sarah Make & Hair - Boulevard', NULL, NULL,
 NULL, 'Contrato em Andamento', NULL);
INSERT INTO "Associates"
 ("Id","Name","Description","Email","Benefit","Situation","AssociateImagemUrl") VALUES
 (252, 'Prof. Carlos Conce', NULL, NULL,
 NULL, 'Parceria Rejeitada', NULL);
INSERT INTO "Associates"
 ("Id","Name","Description","Email","Benefit","Situation","AssociateImagemUrl") VALUES
 (253, 'Fernando Peron', NULL, NULL,
 NULL, 'Primeiro Contato', NULL);
INSERT INTO "Associates"
 ("Id","Name","Description","Email","Benefit","Situation","AssociateImagemUrl") VALUES
 (254, 'Alberto Antunes', NULL, NULL,
 NULL, 'Parceria Rejeitada', NULL);
INSERT INTO "Associates"
 ("Id","Name","Description","Email","Benefit","Situation","AssociateImagemUrl") VALUES
 (255, 'David anderson Personal', NULL, NULL,
 NULL, 'Parceria Rejeitada', NULL);
INSERT INTO "Associates"
 ("Id","Name","Description","Email","Benefit","Situation","AssociateImagemUrl") VALUES
 (256, 'Unicesumar', NULL, NULL,
 NULL, 'Parceria em Análise', NULL);
INSERT INTO "Associates"
 ("Id","Name","Description","Email","Benefit","Situation","AssociateImagemUrl") VALUES
 (257, 'Sup Do Gaúcho', NULL, NULL,
 NULL, 'Parceria Rejeitada', NULL);
INSERT INTO "Associates"
 ("Id","Name","Description","Email","Benefit","Situation","AssociateImagemUrl") VALUES
 (258, 'MegaBox', NULL, NULL,
 NULL, 'Selecione uma opção a seguir', NULL);
INSERT INTO "Associates"
 ("Id","Name","Description","Email","Benefit","Situation","AssociateImagemUrl") VALUES
 (259, 'Hamburguer do Mario', NULL, NULL,
 NULL, 'Contrato em Andamento', NULL);
INSERT INTO "Associates"
 ("Id","Name","Description","Email","Benefit","Situation","AssociateImagemUrl") VALUES
 (260, 'HG Studio Pilates', NULL, NULL,
 '20% nos serviços oferecidos pelo Studio', 'Parceria Concluída e Publicada', NULL);
INSERT INTO "Associates"
 ("Id","Name","Description","Email","Benefit","Situation","AssociateImagemUrl") VALUES
 (261, 'Victorya Nails', NULL, NULL,
 NULL, 'Parceria Rejeitada', NULL);
INSERT INTO "Associates"
 ("Id","Name","Description","Email","Benefit","Situation","AssociateImagemUrl") VALUES
 (262, 'Grace Camilo Nutricionista', NULL, NULL,
 NULL, 'Primeiro Contato', NULL);
INSERT INTO "Associates"
 ("Id","Name","Description","Email","Benefit","Situation","AssociateImagemUrl") VALUES
 (263, 'Mayara Francisca Projetos', NULL, NULL,
 '30% de desconto na aquisição de qualquer ambiente planejado (móveis planejados)', 'Parceria Concluída e Publicada', NULL);
INSERT INTO "Associates"
 ("Id","Name","Description","Email","Benefit","Situation","AssociateImagemUrl") VALUES
 (264, 'Emi Design', NULL, NULL,
 'Na aquisição de um projeto de Design de Interiores você ganha 50% de desconto no segundo projeto.', 'Parceria Concluída e Publicada', NULL);
INSERT INTO "Associates"
 ("Id","Name","Description","Email","Benefit","Situation","AssociateImagemUrl") VALUES
 (265, 'Só Reparos', NULL, NULL,
 NULL, 'Parceria Rejeitada', NULL);
INSERT INTO "Associates"
 ("Id","Name","Description","Email","Benefit","Situation","AssociateImagemUrl") VALUES
 (266, 'Auto Machine', NULL, NULL,
 NULL, 'Contrato em Andamento', NULL);
INSERT INTO "Associates"
 ("Id","Name","Description","Email","Benefit","Situation","AssociateImagemUrl") VALUES
 (267, 'MM Madeiras', NULL, NULL,
 NULL, 'Primeiro Contato', NULL);
INSERT INTO "Associates"
 ("Id","Name","Description","Email","Benefit","Situation","AssociateImagemUrl") VALUES
 (268, 'Empresarial Locação (Vizinho ao Santissima Trindade)', NULL, NULL,
 NULL, 'Primeiro Contato', NULL);
INSERT INTO "Associates"
 ("Id","Name","Description","Email","Benefit","Situation","AssociateImagemUrl") VALUES
 (269, 'Veletrica Materiais', NULL, NULL,
 NULL, 'Primeiro Contato', NULL);
INSERT INTO "Associates"
 ("Id","Name","Description","Email","Benefit","Situation","AssociateImagemUrl") VALUES
 (270, 'Inove Estética', NULL, NULL,
 NULL, 'Parceria Rejeitada', NULL);
INSERT INTO "Associates"
 ("Id","Name","Description","Email","Benefit","Situation","AssociateImagemUrl") VALUES
 (271, 'Amadeus Madeiras', NULL, NULL,
 NULL, 'Parceria em Análise', NULL);
INSERT INTO "Associates"
 ("Id","Name","Description","Email","Benefit","Situation","AssociateImagemUrl") VALUES
 (272, 'P. Luiz Vem Historiar', NULL, NULL,
 NULL, 'Parceria em Análise', NULL);
INSERT INTO "Associates"
 ("Id","Name","Description","Email","Benefit","Situation","AssociateImagemUrl") VALUES
 (273, 'P. Ricardo Isolada Geografia', NULL, NULL,
 NULL, 'Parceria Rejeitada', NULL);
INSERT INTO "Associates"
 ("Id","Name","Description","Email","Benefit","Situation","AssociateImagemUrl") VALUES
 (274, 'CodeMinds', NULL, NULL,
 NULL, 'Parceria Concluída e Publicada', NULL);
INSERT INTO "Associates"
 ("Id","Name","Description","Email","Benefit","Situation","AssociateImagemUrl") VALUES
 (275, 'Budo - Escola de Artes Marciais', NULL, NULL,
 NULL, 'Parceria em Análise', NULL);
INSERT INTO "Associates"
 ("Id","Name","Description","Email","Benefit","Situation","AssociateImagemUrl") VALUES
 (276, 'G1 - Centro de treinamento Muay Thai', NULL, NULL,
 NULL, 'Parceria Rejeitada', NULL);
INSERT INTO "Associates"
 ("Id","Name","Description","Email","Benefit","Situation","AssociateImagemUrl") VALUES
 (277, 'DoKyokushinkai - Karate', NULL, NULL,
 NULL, 'Primeiro Contato', NULL);
INSERT INTO "Associates"
 ("Id","Name","Description","Email","Benefit","Situation","AssociateImagemUrl") VALUES
 (278, 'Kung Fu XiaoBu', NULL, NULL,
 NULL, 'Primeiro Contato', NULL);
INSERT INTO "Associates"
 ("Id","Name","Description","Email","Benefit","Situation","AssociateImagemUrl") VALUES
 (279, 'Kimura Jiu Jitsu', NULL, NULL,
 NULL, 'Primeiro Contato', NULL);
INSERT INTO "Associates"
 ("Id","Name","Description","Email","Benefit","Situation","AssociateImagemUrl") VALUES
 (280, '‎Mcz Fight Club', NULL, NULL,
 NULL, 'Primeiro Contato', NULL);
INSERT INTO "Associates"
 ("Id","Name","Description","Email","Benefit","Situation","AssociateImagemUrl") VALUES
 (281, 'Gracie Barra', NULL, NULL,
 NULL, 'Primeiro Contato', NULL);
INSERT INTO "Associates"
 ("Id","Name","Description","Email","Benefit","Situation","AssociateImagemUrl") VALUES
 (282, 'Dakaru', NULL, NULL,
 NULL, 'Primeiro Contato', NULL);
INSERT INTO "Associates"
 ("Id","Name","Description","Email","Benefit","Situation","AssociateImagemUrl") VALUES
 (283, 'Miyajima Club  Karate Shotokan', NULL, NULL,
 NULL, 'Parceria Rejeitada', NULL);
INSERT INTO "Associates"
 ("Id","Name","Description","Email","Benefit","Situation","AssociateImagemUrl") VALUES
 (284, 'Panetutti Maceio', NULL, NULL,
 NULL, 'Parceria Rejeitada', NULL);
INSERT INTO "Associates"
 ("Id","Name","Description","Email","Benefit","Situation","AssociateImagemUrl") VALUES
 (285, 'Máxima Performance', NULL, NULL,
 NULL, 'Primeiro Contato', NULL);
INSERT INTO "Associates"
 ("Id","Name","Description","Email","Benefit","Situation","AssociateImagemUrl") VALUES
 (286, 'Wing Tsun Defesa Pessoal', NULL, NULL,
 NULL, 'Parceria em Análise', NULL);
INSERT INTO "Associates"
 ("Id","Name","Description","Email","Benefit","Situation","AssociateImagemUrl") VALUES
 (287, 'Bukan Dojo', NULL, NULL,
 NULL, 'Parceria em Análise', NULL);
INSERT INTO "Associates"
 ("Id","Name","Description","Email","Benefit","Situation","AssociateImagemUrl") VALUES
 (288, 'Budokan Escola de Artes Marciais', NULL, NULL,
 NULL, 'Parceria Rejeitada', NULL);
INSERT INTO "Associates"
 ("Id","Name","Description","Email","Benefit","Situation","AssociateImagemUrl") VALUES
 (289, 'Octógono fight', NULL, NULL,
 NULL, 'Parceria em Análise', NULL);
INSERT INTO "Associates"
 ("Id","Name","Description","Email","Benefit","Situation","AssociateImagemUrl") VALUES
 (290, 'Associação Marciiais Kumiai-Ryu', NULL, NULL,
 NULL, 'Primeiro Contato', NULL);
INSERT INTO "Associates"
 ("Id","Name","Description","Email","Benefit","Situation","AssociateImagemUrl") VALUES
 (291, 'Dojô kiritsu', NULL, NULL,
 NULL, 'Parceria Rejeitada', NULL);
INSERT INTO "Associates"
 ("Id","Name","Description","Email","Benefit","Situation","AssociateImagemUrl") VALUES
 (292, 'Candido Clube do Judo', NULL, NULL,
 NULL, 'Primeiro Contato', NULL);
INSERT INTO "Associates"
 ("Id","Name","Description","Email","Benefit","Situation","AssociateImagemUrl") VALUES
 (293, 'Shizentai Dojo', NULL, NULL,
 NULL, 'Primeiro Contato', NULL);
INSERT INTO "Associates"
 ("Id","Name","Description","Email","Benefit","Situation","AssociateImagemUrl") VALUES
 (294, 'Furia Fight', NULL, NULL,
 NULL, 'Primeiro Contato', NULL);
INSERT INTO "Associates"
 ("Id","Name","Description","Email","Benefit","Situation","AssociateImagemUrl") VALUES
 (295, 'Adrian Ferro', NULL, NULL,
 NULL, 'Parceria Concluída e Publicada', NULL);
INSERT INTO "Associates"
 ("Id","Name","Description","Email","Benefit","Situation","AssociateImagemUrl") VALUES
 (296, 'Pegue e Monte Premium', NULL, NULL,
 NULL, 'Parceria Concluída e Publicada', NULL);
INSERT INTO "Associates"
 ("Id","Name","Description","Email","Benefit","Situation","AssociateImagemUrl") VALUES
 (297, 'Martelinho de Ouro Prime', NULL, NULL,
 NULL, 'Primeiro Contato', NULL);
INSERT INTO "Associates"
 ("Id","Name","Description","Email","Benefit","Situation","AssociateImagemUrl") VALUES
 (298, 'Igor Delivery car martelinho', NULL, NULL,
 NULL, 'Primeiro Contato', NULL);
INSERT INTO "Associates"
 ("Id","Name","Description","Email","Benefit","Situation","AssociateImagemUrl") VALUES
 (299, 'Jonathan Martelinho de Ouro', NULL, NULL,
 NULL, 'Primeiro Contato', NULL);
INSERT INTO "Associates"
 ("Id","Name","Description","Email","Benefit","Situation","AssociateImagemUrl") VALUES
 (300, 'Martelinho de Ouro (2)', NULL, NULL,
 NULL, 'Primeiro Contato', NULL);
INSERT INTO "AssociateOperations" ("AssociateId", "OperationId") VALUES
(201, 22),
(202, 24),
(203, 24),
(204, 24),
(205, 24),
(206, 24),
(207, 24),
(208, 24),
(209, 24),
(210, 24),
(211, 24),
(212, 24),
(213, 24),
(214, 24),
(215, 24),
(216, 24),
(217, 24),
(218, 24),
(219, 24),
(220, 24),
(221, 24),
(222, 22),
(223, 46),
(224, 20),
(225, 47),
(226, 44),
(227, 14),
(228, 13),
(229, 13),
(230, 22),
(231, 12),
(232, 13),
(233, 46),
(234, 9),
(235, 34),
(236, 9),
(237, 40),
(238, 39),
(239, 33),
(240, 43),
(241, 24),
(242, 18),
(243, 43),
(244, 43),
(245, 43),
(246, 43),
(247, 43),
(248, 43),
(249, 43),
(250, 43),
(251, 46),
(252, 22),
(253, 43),
(254, 13),
(255, 46),
(256, 22),
(257, 46),
(258, 21),
(259, 43),
(260, 24),
(261, 46),
(262, 46),
(263, 21),
(264, 21),
(265, 21),
(266, 33),
(267, 21),
(268, 16),
(269, 21),
(270, 33),
(271, 21),
(272, 22),
(273, 22),
(274, 22),
(275, 22),
(276, 22),
(277, 22),
(278, 22),
(279, 22),
(280, 22),
(281, 22),
(282, 22),
(283, 22),
(284, 34),
(285, 22),
(286, 22),
(287, 22),
(288, 22),
(289, 22),
(290, 22),
(291, 22),
(292, 22),
(293, 22),
(294, 22),
(295, 24),
(296, 17),
(297, 33),
(298, 33),
(299, 33),
(300, 33);

INSERT INTO "Associates" ("Id", "Name", "Description", "Email", "Benefit", "Situation", "AssociateImagemUrl") VALUES
(301, 'Alagoana Pintura Automotiva', NULL, NULL, NULL, 'Primeiro Contato', NULL),
(302, 'Auto Moderna Funilaria e Pintura', NULL, NULL, NULL, 'Primeiro Contato', NULL),
(303, 'Martelinho de Ouro Eduardo', NULL, NULL, NULL, 'Primeiro Contato', NULL),
(304, 'Martelinho de Ouro (3)', NULL, NULL, NULL, 'Primeiro Contato', NULL),
(305, 'SpecialCar - Recuperação e Pintura Automotiva', NULL, NULL, NULL, 'Primeiro Contato', NULL),
(306, 'Fume ,martelinho de ouro', NULL, NULL, NULL, 'Parceria em Análise', NULL),
(307, 'LEANDRO AUTO SERVICE', NULL, NULL, NULL, 'Primeiro Contato', NULL),
(308, 'Tiago martelinho', NULL, NULL, NULL, 'Primeiro Contato', NULL),
(309, 'Oficina J. Lailto', NULL, NULL, NULL, 'Primeiro Contato', NULL),
(310, 'Siga Bijoux', NULL, NULL, NULL, 'Parceria Rejeitada', NULL),
(311, 'Central da Molduras', NULL, NULL, NULL, 'Parceria em Análise', NULL),
(312, 'Vitrine Plus Size', NULL, NULL, NULL, 'Parceria em Análise', NULL),
(313, 'Livraria Globo Papelaria', NULL, NULL, NULL, 'Primeiro Contato', NULL),
(314, 'Feminine Acessórios', NULL, NULL, NULL, 'Parceria Rejeitada', NULL),
(315, 'Buda Makeup e Acessórios', NULL, NULL, NULL, 'Primeiro Contato', NULL),
(316, 'Londres Jóias & Variedades', NULL, NULL, NULL, 'Primeiro Contato', NULL),
(317, 'Loja do Sono', NULL, NULL, NULL, 'Contrato em Andamento', NULL),
(318, 'Markas Surf Shop', NULL, NULL, NULL, 'Contrato em Andamento', NULL),
(319, 'INCOREL', NULL, 'POSSÍVEL PARCERIA PARA SER CLIENTE', NULL, 'Parceria Rejeitada', NULL),
(320, 'Palácio do Bebê', NULL, NULL, NULL, 'Primeiro Contato', NULL),
(321, 'Pata Leve', NULL, NULL, NULL, 'Primeiro Contato', NULL),
(322, 'Inluxe', NULL, NULL, NULL, 'Parceria Rejeitada', NULL),
(323, 'Mundo do Celular', NULL, NULL, NULL, 'Parceria em Análise', NULL),
(324, 'Tecplus Assitência de Informática', NULL, NULL, NULL, 'Primeiro Contato', NULL),
(325, 'Danielle Moda Fitness', NULL, NULL, NULL, 'Parceria Rejeitada', NULL),
(326, 'Fogão Colonial', NULL, NULL, NULL, 'Primeiro Contato', NULL),
(327, 'YVA Doce', NULL, NULL, NULL, 'Parceria Rejeitada', NULL),
(328, 'Star Modas', NULL, NULL, NULL, 'Primeiro Contato', NULL),
(329, 'Bolsas de Valor', NULL, NULL, NULL, 'Contrato em Andamento', NULL),
(330, 'Graffix', NULL, NULL, NULL, 'Parceria em Análise', NULL),
(331, 'Giullya Storymaker', NULL, NULL, NULL, 'Selecione uma opção a seguir', NULL),
(332, 'Lutador - Academia Amigo de Adrian', NULL, NULL, NULL, 'Primeiro Contato', NULL),
(333, 'Andrezza Brandão Clinica', NULL, NULL, 'Clínica: 15% em produtos não promocionais  /// Salão: 10% desconto em tratamentos & 5% desconto em químicas. Exceto planos promocionais', 'Parceria Concluída e Publicada', NULL),
(334, 'Andrezza Brandão Empresarial', NULL, NULL, 'Empresarial Anayah: Aluguéis de salas para profissionais liberais por turno  10% de desconto no primeiro contrato', 'Parceria Concluída e Publicada', NULL),
(335, 'Play Educação', NULL, NULL, '40% nas mensalidades da Play', 'Aguardando assinatura do contrato', NULL),
(336, 'Marcus Refrigeração', NULL, NULL, NULL, 'Primeiro Contato', NULL),
(337, 'É de Casa Energia Solar', NULL, 'edecasaenergiasolar@gmail.com', NULL, 'Aguardando assinatura do contrato', NULL),
(338, 'Nexa Consultoria', NULL, 'rhafaellak@gmail.com', '1h de consultoria gratuita sobre captação de recursos', 'Parceria Concluída e Publicada', NULL),
(339, 'Pense Solar', NULL, 'comercialpense.solar@gmail.com', '5% de desconto nos produtos/serviços oferecidos pela empresa.', 'Parceria Concluída e Publicada', NULL),
(340, 'ODONTO LOVE', NULL, NULL, NULL, 'Parceria em Análise', NULL),
(341, 'G.Silveira e Santos', NULL, 'lannysilver14@gmail.com', '20% em produtos e 10% em exame de vista', 'Aguardando assinatura do contrato', NULL),
(342, 'Risen Engenharia', NULL, NULL, NULL, 'Parceria Rejeitada', NULL),
(343, 'Odonto Central', NULL, NULL, NULL, 'Primeiro Contato', NULL),
(344, 'Francês Sublimação', NULL, NULL, NULL, 'Parceria Rejeitada', NULL),
(345, 'Empório Padilha', NULL, NULL, NULL, 'Ignorou Contato após sucessivas tentativas', NULL),
(346, 'ProVet Produtos e Serviços AgroPet', NULL, 'provetprodutoseservicosvet@gmail.com', '5% de desconto em produtos do pet shop, ou banho e tosa ou serviços veterinários', 'Aguardando assinatura do contrato', NULL),
(347, 'Lavanderia viver bem', NULL, NULL, NULL, 'Parceria Rejeitada', NULL),
(348, 'Pousada Recanto do Francês', NULL, 'recantodofran6@gmail.com', '10% de desconto em qualquer hospedagem.', 'Aguardando assinatura do contrato', NULL),
(349, 'English For You', NULL, 'belagarcia30@gmail.com', 'Aula experimental grátis e 50% de desconto na 1° mensalidade', 'Aguardando assinatura do contrato', NULL),
(350, 'Fox Brasil Francês', NULL, NULL, NULL, 'Ignorou Contato após sucessivas tentativas', NULL),
(351, 'Izabela Garcia Yoga', NULL, 'belagarcia30@gmail.com', 'Aula experimental grátis e 10% desconto no pagamento mensal', 'Aguardando assinatura do contrato', NULL),
(352, 'UbuD Apartments', NULL, 'belagarcia30@gmail.com', '10% de desconto em cima do valor do booking', 'Aguardando assinatura do contrato', NULL);

INSERT INTO "AssociateOperations" ("AssociateId", "OperationId") VALUES
(301, 33),
(302, 33),
(303, 33),
(304, 33),
(305, 33),
(306, 33),
(307, 33),
(308, 33),
(309, 33),
(310, 44),
(311, 32),
(312, 44),
(313, 35),
(314, 44),
(315, 44),
(316, 44),
(317, 8),
(318, 45),
(319, 30),
(320, 41),
(321, 44),
(322, 44),
(323, 29),
(324, 5),
(325, 44),
(326, 43),
(327, 43),
(328, 44),
(329, 31),
(330, 25),
(331, 11),
(332, 1),
(333, 46),
(334, 16),
(335, 22),
(336, 27),
(337, 27),
(338, 13),
(339, 27),
(340, 10),
(341, 10),
(342, 21),
(343, 10),
(344, 48),
(345, 48),
(346, 3),
(347, 28),
(348, 26),
(349, 23),
(351, 46),
(352, 26);

INSERT INTO "Links" ("Id", "AssociateId", "Name", "Type") VALUES
(1, 227, 'https://assertivasc.com.br/', 'Web'),
(2, 242, 'https://www.instagram.com/legalselling', 'Instagram'),
(3, 337, 'https://www.instagram.com/edecasaenergiasolar?utm_source=ig_web_button_share_sheet&igsh=ZDNlZDc0MzIxNw==', 'Instagram'),
(4, 339, 'https://www.instagram.com/pense.solar/', 'Instagram'),
(5, 341, 'https://www.instagram.com/otica.silverclass?igsh=bXkydXc0Y3lxOTVn', 'Instagram'),
(6, 346, 'https://www.instagram.com/provetbarranova?utm_source=ig_web_button_share_sheet&igsh=ZDNlZDc0MzIxNw==', 'Instagram'),
(7, 346, 'https://www.instagram.com/provet_praiadofrances?utm_source=ig_web_button_share_sheet&igsh=ZDNlZDc0MzIxNw==', 'Instagram'),
(8, 346, 'https://l.instagram.com/?u=https%3A%2F%2Fwa.me%2Fmessage%2FVTWM6N2CUYCAA1%3Ffbclid%3DPAZXh0bgNhZW0CMTEAAacwu1U9YEfrV5s3_rQsCHllw-qi4teX5tSsTk8DebGGFgRVhRcJZNXCfjly6A_aem_FmVopVb87zo9KHbgeXF8kA&e=AT0J3esDlq6WcBYawL4p9C5_eRBMjrOEt7Ze9HyD5a-nwKqtjOPTvYzT5lKBtUIyUfccE9cqfwt4nP_tDajQpCLVbr3NI9DLKFh0BQ', 'Instagram'),
(9, 346, 'https://l.instagram.com/?u=http%3A%2F%2Fapi.whatsapp.com%2Fsend%3Fphone%3D5582999281670%26fbclid%3DPAZXh0bgNhZW0CMTEAAadGyiaHdd6QsA3E3VGtLOSZsbE4VITypFfKrbo8LphTUD-oMsTpQ_LAtRqS0g_aem_qvjEfzMSmSk8dAA4Dz910g&e=AT02vTjH1sAwR2MjNNNHmQgJlMNkcxH5Y0ItfNyx2Eu1-4-iyDzcVYD4ZUiWTF8YwT1mKBOEWGogn9e0o2IfPfi4ibh3AxQ1rBU_qg', 'Instagram'),
(10, 348, 'https://www.instagram.com/recantodofran6?utm_source=ig_web_button_share_sheet&igsh=ZDNlZDc0MzIxNw==', 'Instagram'),
(11, 348, 'https://api.whatsapp.com/send?phone=5582996420890', 'WhatsApp'),
(12, 349, 'https://www.instagram.com/englishforyoupraiadofrances?utm_source=ig_web_button_share_sheet&igsh=ZDNlZDc0MzIxNw==', 'Instagram'),
(13, 349, 'https://l.instagram.com/?u=https%3A%2F%2Fwa.me%2F5582998107800%3Ffbclid%3DPAZXh0bgNhZW0CMTEAAae292YZtJcY9N3im5o6AM3nb2DsA75PET6OOKo51t744PcyKlY82ECoVHMI_Q_aem_qQamqABnF5WyiCskHMUXeQ&e=AT3J_JS097Q4ymUSPTv2vCEtakrL7uvBGrxT8PvoLQ-EDa6JrCjmdsNnyPLojw-xo6msj-VX89655cIT4TsggHOnehE7zZt6nZCLeg', 'Instagram'),
(14, 351, 'https://www.instagram.com/isabelagarcia.yoga?utm_source=ig_web_button_share_sheet&igsh=ZDNlZDc0MzIxNw==', 'Instagram'),
(15, 351, 'https://wa.me/82998107800', 'WhatsApp'),
(16, 352, 'https://www.instagram.com/ubud_apartments?utm_source=ig_web_button_share_sheet&igsh=ZDNlZDc0MzIxNw==', 'Instagram'),
(17, 352, 'https://www.ubudapartmentspraiadofrances.com/', 'Web'),
(18, 352, 'https://wa.me/82998107800', 'WhatsApp'),
(19, 1, 'https://www.instagram.com/fisioinfantilmayaraleite/', 'Instagram'),
(20, 2, 'https://www.instagram.com/yasllan.moura/', 'Instagram'),
(21, 3, 'https://www.instagram.com/registartt.marcasepatentes/', 'Instagram'),
(22, 4, 'https://www.instagram.com/empreendedorsustentavel.i9/', 'Instagram'),
(23, 23, 'https://www.instagram.com/Noovabarbearia/', 'Instagram'),
(24, 48, 'https://www.instagram.com/vasconceloscakesmcz/', 'Instagram'),
(25, 141, 'https://www.instagram.com/gilmarferreira_treinador/?igsh=NmZndHFrNmNrZTk5&utm_source=qr#', 'Instagram'),
(26, 223, 'https://www.instagram.com/personal_alyssonnobre/', 'Instagram'),
(27, 241, 'https://www.instagram.com/fisiopalm/', 'Instagram'),
(28, 260, 'https://www.instagram.com/hgstudiofisiopilates/', 'Instagram'),
(29, 263, 'https://www.instagram.com/bartzenarapiraca/', 'Instagram'),
(30, 263, 'https://bartzen.com.br/', 'Web'),
(31, 264, 'https://www.instagram.com/emidesigneengenharia/', 'Instagram'),
(32, 264, 'https://bio.site/emi.engedesign', 'Web'),
(33, 274, 'https://www.instagram.com/escolacodeminds/', 'Instagram'),
(34, 295, 'https://www.instagram.com/dr.adrianferreira/', 'Instagram'),
(35, 296, 'https://api.whatsapp.com/send/?phone=%2B5582988340878&text&type=phone_number&app_absent=0', 'Whatsapp'),
(36, 333, 'https://www.instagram.com/anayahempresarial/', 'Instagram'),
(37, 334, 'https://www.instagram.com/anayahempresarial/', 'Instagram'),
(38, 338, 'https://api.whatsapp.com/send/?phone=%2B5582987077107&text&type=phone_number&app_absent=0', 'Whatsapp');