INSERT INTO "Operations" ("Id","Name") VALUES
 (1,  'Academia'),
 (2,  'Academia de Artes Marciais'),
 (3,  'AgroPet'),
 (4,  'Artesanato'),
 (5,  'Assistência de Informática'),
 (6,  'Barbearia'),
 (7,  'Cafeteria'),
 (8,  'Camas e Colchões'),
 (9,  'Clube de Tennis'),
 (10,  'Clínicas Médicas e Odontológicas'),
 (11,  'Cobertura de Eventos'),
 (12,  'Construtora'),
 (13,  'Consultoria'),
 (14,  'Contabilidade'),
 (15,  'Corretor de Imóveis'),
 (16,  'Coworking e Espaços de Trabalho'),
 (17,  'Decoração e Festas'),
 (18,  'Direito'),
 (19,  'Eletrônicos'),
 (20,  'Empresas de Turismo'),
 (21,  'Engenharia, Arquitetura e Construção'),
 (22,  'Escola / Faculdade'),
 (23,  'Escola de Idiomas'),
 (24,  'Fisioterapia'),
 (25,  'Gráfica'),
 (26,  'Hotelaria'),
 (27,  'Instalação de Energia Solar'),
 (28,  'Lavanderias e delivery de roupas limpas'),
 (29,  'Loja de Eletrônicos'),
 (30,  'Loja de Ferramentas e Materiais de Construção'),
 (31,  'Loja de Malas, Mochilas e Bagagens'),
 (32,  'Movelaria'),
 (33,  'Oficinas'),
 (34,  'Padarias'),
 (35,  'Papelaria'),
 (36,  'Peixaria'),
 (37,  'Personal Trainer'),
 (38,  'Pet Shop'),
 (39,  'Postos de Gasolina'),
 (40,  'Produtos Químicos'),
 (41,  'Produtos para Bebês'),
 (42,  'Refrigeração'),
 (43,  'Restaurantes e Lanchonetes'),
 (44,  'Roupas e Acessórios'),
 (45,  'Roupas e Artigos de Surf e afins'),
 (46,  'Saúde e Bem Estar'),
 (47,  'Seguradora'),
 (48,  'Supermercados'),
 (49,  'Óticas');

INSERT INTO "Associates"
 ("Id","Name","Description","Email","Benefit","Situation","AssociateImagemUrl") VALUES
 (1, 'Dra. Mayara Leite', NULL, NULL,
 '20% de desconto na avaliação fisioterapêutica infantil', 'Parceria Concluída e Publicada', NULL);
INSERT INTO "Associates"
 ("Id","Name","Description","Email","Benefit","Situation","AssociateImagemUrl") VALUES
 (2, 'Esp. Yasllan Moura - Personal Trainer', NULL, NULL,
 '20% de desconto na confecção de treinos e na avaliação', 'Parceria Concluída e Publicada', NULL);
INSERT INTO "Associates"
 ("Id","Name","Description","Email","Benefit","Situation","AssociateImagemUrl") VALUES
 (3, 'Registartt - Propriedade Intelectual', NULL, NULL,
 '20% de desconto nos contratos firmados pela parceira', 'Parceria Concluída e Publicada', NULL);
INSERT INTO "Associates"
 ("Id","Name","Description","Email","Benefit","Situation","AssociateImagemUrl") VALUES
 (4, 'i9 - inove - Soluções Ambientais', NULL, 'sidnei@i9ambiental.eco.br',
 'Desconto de 5% em kits de energia solar, juntamente com um brinde surpresa com abrangência para todo Nordeste', 'Parceria Concluída e Publicada', NULL);
INSERT INTO "Associates"
 ("Id","Name","Description","Email","Benefit","Situation","AssociateImagemUrl") VALUES
 (5, 'Colégio Vila Rica', NULL, NULL,
 NULL, 'Parceria em Análise', NULL);
INSERT INTO "Associates"
 ("Id","Name","Description","Email","Benefit","Situation","AssociateImagemUrl") VALUES
 (6, 'Colégio São Judas Tadeu', NULL, NULL,
 NULL, 'Parceria Rejeitada', NULL);
INSERT INTO "Associates"
 ("Id","Name","Description","Email","Benefit","Situation","AssociateImagemUrl") VALUES
 (7, 'Colégio Brasil (Antigo Isaac Newton)', NULL, NULL,
 NULL, 'Primeiro Contato', NULL);
INSERT INTO "Associates"
 ("Id","Name","Description","Email","Benefit","Situation","AssociateImagemUrl") VALUES
 (8, 'Refrinor', NULL, NULL,
 NULL, 'Selecione uma opção a seguir', NULL);
INSERT INTO "Associates"
 ("Id","Name","Description","Email","Benefit","Situation","AssociateImagemUrl") VALUES
 (9, 'Parmegianno', NULL, NULL,
 NULL, 'Primeiro Contato', NULL);
INSERT INTO "Associates"
 ("Id","Name","Description","Email","Benefit","Situation","AssociateImagemUrl") VALUES
 (10, 'Bicho do Mar', NULL, NULL,
 NULL, 'Primeiro Contato', NULL);
INSERT INTO "Associates"
 ("Id","Name","Description","Email","Benefit","Situation","AssociateImagemUrl") VALUES
 (11, 'Escola de Artes Marciais (Vizinho Assai)', NULL, NULL,
 NULL, 'Selecione uma opção a seguir', NULL);
INSERT INTO "Associates"
 ("Id","Name","Description","Email","Benefit","Situation","AssociateImagemUrl") VALUES
 (12, 'Kika Cake', NULL, NULL,
 NULL, 'Primeiro Contato', NULL);
INSERT INTO "Associates"
 ("Id","Name","Description","Email","Benefit","Situation","AssociateImagemUrl") VALUES
 (13, 'Ethos Açai', NULL, NULL,
 NULL, 'Parceria Rejeitada', NULL);
INSERT INTO "Associates"
 ("Id","Name","Description","Email","Benefit","Situation","AssociateImagemUrl") VALUES
 (14, 'Restaurante Victoria Paladares', NULL, NULL,
 NULL, 'Selecione uma opção a seguir', NULL);
INSERT INTO "Associates"
 ("Id","Name","Description","Email","Benefit","Situation","AssociateImagemUrl") VALUES
 (15, 'UMJ - Faculdade', NULL, NULL,
 NULL, 'Parceria Rejeitada', NULL);
INSERT INTO "Associates"
 ("Id","Name","Description","Email","Benefit","Situation","AssociateImagemUrl") VALUES
 (16, 'Cafe Au Lait - Galeria Boulevard', NULL, NULL,
 NULL, 'Parceria Rejeitada', NULL);
INSERT INTO "Associates"
 ("Id","Name","Description","Email","Benefit","Situation","AssociateImagemUrl") VALUES
 (17, 'Polly Ótica', NULL, NULL,
 NULL, 'Primeiro Contato', NULL);
INSERT INTO "Associates"
 ("Id","Name","Description","Email","Benefit","Situation","AssociateImagemUrl") VALUES
 (18, 'Arte Cetera', NULL, NULL,
 NULL, 'Parceria em Análise', NULL);
INSERT INTO "Associates"
 ("Id","Name","Description","Email","Benefit","Situation","AssociateImagemUrl") VALUES
 (19, 'Nudhe Lingerie', NULL, NULL,
 NULL, 'Parceria em Análise', NULL);
INSERT INTO "Associates"
 ("Id","Name","Description","Email","Benefit","Situation","AssociateImagemUrl") VALUES
 (20, 'Miss Jess', NULL, NULL,
 NULL, 'Parceria em Análise', NULL);
INSERT INTO "Associates"
 ("Id","Name","Description","Email","Benefit","Situation","AssociateImagemUrl") VALUES
 (21, 'Life Murilopolis - Galeria Boulevard Suplementos', NULL, NULL,
 NULL, 'Parceria Rejeitada', NULL);
INSERT INTO "Associates"
 ("Id","Name","Description","Email","Benefit","Situation","AssociateImagemUrl") VALUES
 (22, 'Herica Barros Genesis - Coworking (Boulevar)', NULL, NULL,
 NULL, 'Contrato em Andamento', NULL);
INSERT INTO "Associates"
 ("Id","Name","Description","Email","Benefit","Situation","AssociateImagemUrl") VALUES
 (23, 'Nova Barbearia - Murilopolis Vizinho ao Ethos', NULL, 'noovabarbearia@gmail.com',
 '10% de desconto nos serviços de: Corte/Barba/Corte e Barba', 'Parceria Concluída e Publicada', NULL);
INSERT INTO "Associates"
 ("Id","Name","Description","Email","Benefit","Situation","AssociateImagemUrl") VALUES
 (24, 'Pexiaria Frutos do Mar', NULL, NULL,
 NULL, 'Primeiro Contato', NULL);
INSERT INTO "Associates"
 ("Id","Name","Description","Email","Benefit","Situation","AssociateImagemUrl") VALUES
 (25, 'Ótica Inovar', NULL, NULL,
 NULL, 'Parceria em Análise', NULL);
INSERT INTO "Associates"
 ("Id","Name","Description","Email","Benefit","Situation","AssociateImagemUrl") VALUES
 (26, 'Recanto do Sabor', NULL, NULL,
 NULL, 'Ignorou Contato após sucessivas tentativas', NULL);
INSERT INTO "Associates"
 ("Id","Name","Description","Email","Benefit","Situation","AssociateImagemUrl") VALUES
 (27, 'Ibiza - Viagens e Turismo (Boulevard)', NULL, NULL,
 NULL, 'Parceria Rejeitada', NULL);
INSERT INTO "Associates"
 ("Id","Name","Description","Email","Benefit","Situation","AssociateImagemUrl") VALUES
 (28, 'Andrew Acessórios', NULL, NULL,
 NULL, 'Primeiro Contato', NULL);
INSERT INTO "Associates"
 ("Id","Name","Description","Email","Benefit","Situation","AssociateImagemUrl") VALUES
 (29, 'MK Brasil', NULL, NULL,
 '10% desconto nos produtos da MK Brasil', 'Aguardando assinatura do contrato', NULL);
INSERT INTO "Associates"
 ("Id","Name","Description","Email","Benefit","Situation","AssociateImagemUrl") VALUES
 (30, 'MK Sunny Couture', NULL, NULL,
 '10% desconto nos produtos da MK Sunny Couture', 'Aguardando assinatura do contrato', NULL);
INSERT INTO "Associates"
 ("Id","Name","Description","Email","Benefit","Situation","AssociateImagemUrl") VALUES
 (31, 'Deposito de Bebidas - Murilopólis', NULL, NULL,
 NULL, 'Primeiro Contato', NULL);
INSERT INTO "Associates"
 ("Id","Name","Description","Email","Benefit","Situation","AssociateImagemUrl") VALUES
 (32, 'Extreme Training Maceió', NULL, NULL,
 NULL, 'Selecione uma opção a seguir', NULL);
INSERT INTO "Associates"
 ("Id","Name","Description","Email","Benefit","Situation","AssociateImagemUrl") VALUES
 (33, 'Carlos Ricardo (Corretor - Antigo Vizinho Serramar)', NULL, NULL,
 NULL, 'Selecione uma opção a seguir', NULL);
INSERT INTO "Associates"
 ("Id","Name","Description","Email","Benefit","Situation","AssociateImagemUrl") VALUES
 (34, 'Clube Santa Barba', NULL, NULL,
 NULL, 'Selecione uma opção a seguir', NULL);
INSERT INTO "Associates"
 ("Id","Name","Description","Email","Benefit","Situation","AssociateImagemUrl") VALUES
 (35, 'Restaurante Bodega do Sertão', NULL, NULL,
 NULL, 'Selecione uma opção a seguir', NULL);
INSERT INTO "Associates"
 ("Id","Name","Description","Email","Benefit","Situation","AssociateImagemUrl") VALUES
 (36, 'Janga', NULL, NULL,
 NULL, 'Selecione uma opção a seguir', NULL);
INSERT INTO "Associates"
 ("Id","Name","Description","Email","Benefit","Situation","AssociateImagemUrl") VALUES
 (37, 'Hotel Falcão Arapiraca', NULL, NULL,
 NULL, 'Selecione uma opção a seguir', NULL);
INSERT INTO "Associates"
 ("Id","Name","Description","Email","Benefit","Situation","AssociateImagemUrl") VALUES
 (38, 'Entomofagi', NULL, NULL,
 NULL, 'Parceria Rejeitada', NULL);
INSERT INTO "Associates"
 ("Id","Name","Description","Email","Benefit","Situation","AssociateImagemUrl") VALUES
 (39, 'ARCCO Engenharia', NULL, NULL,
 NULL, 'Selecione uma opção a seguir', NULL);
INSERT INTO "Associates"
 ("Id","Name","Description","Email","Benefit","Situation","AssociateImagemUrl") VALUES
 (40, 'Bodega do Café', NULL, NULL,
 NULL, 'Selecione uma opção a seguir', NULL);
INSERT INTO "Associates"
 ("Id","Name","Description","Email","Benefit","Situation","AssociateImagemUrl") VALUES
 (41, 'Guaraná da Praia', NULL, NULL,
 NULL, 'Selecione uma opção a seguir', NULL);
INSERT INTO "Associates"
 ("Id","Name","Description","Email","Benefit","Situation","AssociateImagemUrl") VALUES
 (42, 'Rei Dog Petshop', NULL, NULL,
 NULL, 'Selecione uma opção a seguir', NULL);
INSERT INTO "Associates"
 ("Id","Name","Description","Email","Benefit","Situation","AssociateImagemUrl") VALUES
 (43, 'Colégio Saint Germain', NULL, NULL,
 NULL, 'Selecione uma opção a seguir', NULL);
INSERT INTO "Associates"
 ("Id","Name","Description","Email","Benefit","Situation","AssociateImagemUrl") VALUES
 (44, 'Colégio Santa Úrsula', NULL, NULL,
 NULL, 'Selecione uma opção a seguir', NULL);
INSERT INTO "Associates"
 ("Id","Name","Description","Email","Benefit","Situation","AssociateImagemUrl") VALUES
 (45, 'Felícia Festas Jatiúca', NULL, NULL,
 NULL, 'Selecione uma opção a seguir', NULL);
INSERT INTO "Associates"
 ("Id","Name","Description","Email","Benefit","Situation","AssociateImagemUrl") VALUES
 (46, 'Senna Barbearia Serraria', NULL, NULL,
 NULL, 'Primeiro Contato', NULL);
INSERT INTO "Associates"
 ("Id","Name","Description","Email","Benefit","Situation","AssociateImagemUrl") VALUES
 (47, 'Pesto Massas', NULL, NULL,
 NULL, 'Parceria Rejeitada', NULL);
INSERT INTO "Associates"
 ("Id","Name","Description","Email","Benefit","Situation","AssociateImagemUrl") VALUES
 (48, 'Vasconcelos Cake', NULL, NULL,
 '10% de desconto no Kit Festa', 'Parceria Concluída e Publicada', NULL);
INSERT INTO "Associates"
 ("Id","Name","Description","Email","Benefit","Situation","AssociateImagemUrl") VALUES
 (49, 'Studio de Pilates Greyce', NULL, NULL,
 NULL, 'Parceria Rejeitada', NULL);
INSERT INTO "Associates"
 ("Id","Name","Description","Email","Benefit","Situation","AssociateImagemUrl") VALUES
 (50, 'Helio Móveis', NULL, NULL,
 NULL, 'Primeiro Contato', NULL);
INSERT INTO "Associates"
 ("Id","Name","Description","Email","Benefit","Situation","AssociateImagemUrl") VALUES
 (51, 'Colégio Santa Tereza', NULL, NULL,
 NULL, 'Selecione uma opção a seguir', NULL);
INSERT INTO "Associates"
 ("Id","Name","Description","Email","Benefit","Situation","AssociateImagemUrl") VALUES
 (52, 'Colégio da Imaculada Conceição', NULL, NULL,
 NULL, 'Selecione uma opção a seguir', NULL);
INSERT INTO "Associates"
 ("Id","Name","Description","Email","Benefit","Situation","AssociateImagemUrl") VALUES
 (53, 'Colégio Santíssima Trindade', NULL, NULL,
 NULL, 'Primeiro Contato', NULL);
INSERT INTO "Associates"
 ("Id","Name","Description","Email","Benefit","Situation","AssociateImagemUrl") VALUES
 (54, 'Escola SEB Maceió', NULL, NULL,
 NULL, 'Selecione uma opção a seguir', NULL);
INSERT INTO "Associates"
 ("Id","Name","Description","Email","Benefit","Situation","AssociateImagemUrl") VALUES
 (55, 'Escola Cristo Redentor', NULL, NULL,
 NULL, 'Selecione uma opção a seguir', NULL);
INSERT INTO "Associates"
 ("Id","Name","Description","Email","Benefit","Situation","AssociateImagemUrl") VALUES
 (56, 'Colégio Santíssimo Sacramento', NULL, NULL,
 NULL, 'Primeiro Contato', NULL);
INSERT INTO "Associates"
 ("Id","Name","Description","Email","Benefit","Situation","AssociateImagemUrl") VALUES
 (57, 'Colégio Russel Farol', NULL, NULL,
 NULL, 'Selecione uma opção a seguir', NULL);
INSERT INTO "Associates"
 ("Id","Name","Description","Email","Benefit","Situation","AssociateImagemUrl") VALUES
 (58, 'Espaço de Desenvolvimento Jean Piaget', NULL, NULL,
 NULL, 'Selecione uma opção a seguir', NULL);
INSERT INTO "Associates"
 ("Id","Name","Description","Email","Benefit","Situation","AssociateImagemUrl") VALUES
 (59, 'COLÉGIO CID SYSTEM UNIDADE JATIÚCA - Antigo Colégio Guimarães', NULL, NULL,
 NULL, 'Parceria em Análise', NULL);
INSERT INTO "Associates"
 ("Id","Name","Description","Email","Benefit","Situation","AssociateImagemUrl") VALUES
 (60, 'Colégio Marista Maceió', NULL, NULL,
 NULL, 'Selecione uma opção a seguir', NULL);
INSERT INTO "Associates"
 ("Id","Name","Description","Email","Benefit","Situation","AssociateImagemUrl") VALUES
 (61, 'Dom Bosco Maceió - Rede Única Educação', NULL, NULL,
 NULL, 'Primeiro Contato', NULL);
INSERT INTO "Associates"
 ("Id","Name","Description","Email","Benefit","Situation","AssociateImagemUrl") VALUES
 (62, 'Colégio Dinâmico', NULL, NULL,
 NULL, 'Selecione uma opção a seguir', NULL);
INSERT INTO "Associates"
 ("Id","Name","Description","Email","Benefit","Situation","AssociateImagemUrl") VALUES
 (63, 'Colégio D''Lins', NULL, NULL,
 NULL, 'Selecione uma opção a seguir', NULL);
INSERT INTO "Associates"
 ("Id","Name","Description","Email","Benefit","Situation","AssociateImagemUrl") VALUES
 (64, 'Colégio Santa Amélia', NULL, NULL,
 NULL, 'Selecione uma opção a seguir', NULL);
INSERT INTO "Associates"
 ("Id","Name","Description","Email","Benefit","Situation","AssociateImagemUrl") VALUES
 (65, 'Colégio Integrado', NULL, NULL,
 NULL, 'Primeiro Contato', NULL);
INSERT INTO "Associates"
 ("Id","Name","Description","Email","Benefit","Situation","AssociateImagemUrl") VALUES
 (66, 'Colégio Santíssimo Senhor', NULL, NULL,
 NULL, 'Selecione uma opção a seguir', NULL);
INSERT INTO "Associates"
 ("Id","Name","Description","Email","Benefit","Situation","AssociateImagemUrl") VALUES
 (67, 'Colégio Nossa Senhora Aparecida COC', NULL, NULL,
 NULL, 'Selecione uma opção a seguir', NULL);
INSERT INTO "Associates"
 ("Id","Name","Description","Email","Benefit","Situation","AssociateImagemUrl") VALUES
 (68, 'Colégio Monteiro Lobato', NULL, NULL,
 NULL, 'Selecione uma opção a seguir', NULL);
INSERT INTO "Associates"
 ("Id","Name","Description","Email","Benefit","Situation","AssociateImagemUrl") VALUES
 (69, 'Colégio Cristo Rei', NULL, NULL,
 NULL, 'Selecione uma opção a seguir', NULL);
INSERT INTO "Associates"
 ("Id","Name","Description","Email","Benefit","Situation","AssociateImagemUrl") VALUES
 (70, 'Colégio Elite', NULL, NULL,
 NULL, 'Selecione uma opção a seguir', NULL);
INSERT INTO "Associates"
 ("Id","Name","Description","Email","Benefit","Situation","AssociateImagemUrl") VALUES
 (71, 'Colégio São Raphael', NULL, NULL,
 NULL, 'Selecione uma opção a seguir', NULL);
INSERT INTO "Associates"
 ("Id","Name","Description","Email","Benefit","Situation","AssociateImagemUrl") VALUES
 (72, 'Colégio São Lucas', NULL, NULL,
 NULL, 'Selecione uma opção a seguir', NULL);
INSERT INTO "Associates"
 ("Id","Name","Description","Email","Benefit","Situation","AssociateImagemUrl") VALUES
 (73, 'Colégio IEP', NULL, NULL,
 NULL, 'Selecione uma opção a seguir', NULL);
INSERT INTO "Associates"
 ("Id","Name","Description","Email","Benefit","Situation","AssociateImagemUrl") VALUES
 (74, 'Creche Escola Leonardo da Vinci', NULL, NULL,
 NULL, 'Primeiro Contato', NULL);
INSERT INTO "Associates"
 ("Id","Name","Description","Email","Benefit","Situation","AssociateImagemUrl") VALUES
 (75, 'Colégio Rosalvo', NULL, NULL,
 NULL, 'Selecione uma opção a seguir', NULL);
INSERT INTO "Associates"
 ("Id","Name","Description","Email","Benefit","Situation","AssociateImagemUrl") VALUES
 (76, 'Colégio Jambo', NULL, NULL,
 NULL, 'Selecione uma opção a seguir', NULL);
INSERT INTO "Associates"
 ("Id","Name","Description","Email","Benefit","Situation","AssociateImagemUrl") VALUES
 (77, 'Colégio Agnes Maceió', NULL, NULL,
 NULL, 'Selecione uma opção a seguir', NULL);
INSERT INTO "Associates"
 ("Id","Name","Description","Email","Benefit","Situation","AssociateImagemUrl") VALUES
 (78, 'Escola de tempo integral Arte de Educar', NULL, NULL,
 NULL, 'Selecione uma opção a seguir', NULL);
INSERT INTO "Associates"
 ("Id","Name","Description","Email","Benefit","Situation","AssociateImagemUrl") VALUES
 (79, 'Colégio Rosa Mística', NULL, NULL,
 NULL, 'Selecione uma opção a seguir', NULL);
INSERT INTO "Associates"
 ("Id","Name","Description","Email","Benefit","Situation","AssociateImagemUrl") VALUES
 (80, 'Escola Oficina da Vida', NULL, NULL,
 NULL, 'Selecione uma opção a seguir', NULL);
INSERT INTO "Associates"
 ("Id","Name","Description","Email","Benefit","Situation","AssociateImagemUrl") VALUES
 (81, 'Colégio Diogenes Jucá Bernardes', NULL, NULL,
 NULL, 'Selecione uma opção a seguir', NULL);
INSERT INTO "Associates"
 ("Id","Name","Description","Email","Benefit","Situation","AssociateImagemUrl") VALUES
 (82, 'Colégio Galileu', NULL, NULL,
 NULL, 'Selecione uma opção a seguir', NULL);
INSERT INTO "Associates"
 ("Id","Name","Description","Email","Benefit","Situation","AssociateImagemUrl") VALUES
 (83, 'Escola Futuro Brilhante', NULL, NULL,
 NULL, 'Parceria em Análise', NULL);
INSERT INTO "Associates"
 ("Id","Name","Description","Email","Benefit","Situation","AssociateImagemUrl") VALUES
 (84, 'Escola Aprender a Crescer', NULL, NULL,
 NULL, 'Selecione uma opção a seguir', NULL);
INSERT INTO "Associates"
 ("Id","Name","Description","Email","Benefit","Situation","AssociateImagemUrl") VALUES
 (85, 'Colegio Maria José Omena', NULL, NULL,
 NULL, 'Selecione uma opção a seguir', NULL);
INSERT INTO "Associates"
 ("Id","Name","Description","Email","Benefit","Situation","AssociateImagemUrl") VALUES
 (86, 'Colégio Paulo Freire', NULL, NULL,
 NULL, 'Selecione uma opção a seguir', NULL);
INSERT INTO "Associates"
 ("Id","Name","Description","Email","Benefit","Situation","AssociateImagemUrl") VALUES
 (87, 'Colégio Madalena Sofia', NULL, NULL,
 NULL, 'Selecione uma opção a seguir', NULL);
INSERT INTO "Associates"
 ("Id","Name","Description","Email","Benefit","Situation","AssociateImagemUrl") VALUES
 (88, 'Colégio 29 de Julho', NULL, NULL,
 NULL, 'Selecione uma opção a seguir', NULL);
INSERT INTO "Associates"
 ("Id","Name","Description","Email","Benefit","Situation","AssociateImagemUrl") VALUES
 (89, 'Escola O Patinho Feio', NULL, NULL,
 NULL, 'Primeiro Contato', NULL);
INSERT INTO "Associates"
 ("Id","Name","Description","Email","Benefit","Situation","AssociateImagemUrl") VALUES
 (90, 'Educativo Kids Maceió', NULL, NULL,
 NULL, 'Selecione uma opção a seguir', NULL);
INSERT INTO "Associates"
 ("Id","Name","Description","Email","Benefit","Situation","AssociateImagemUrl") VALUES
 (91, 'Colégio Anchieta', NULL, NULL,
 NULL, 'Selecione uma opção a seguir', NULL);
INSERT INTO "Associates"
 ("Id","Name","Description","Email","Benefit","Situation","AssociateImagemUrl") VALUES
 (92, 'CEGF - Centro Educacional Geração Futura', NULL, NULL,
 NULL, 'Selecione uma opção a seguir', NULL);
INSERT INTO "Associates"
 ("Id","Name","Description","Email","Benefit","Situation","AssociateImagemUrl") VALUES
 (93, 'Colégio Atheneu', NULL, NULL,
 NULL, 'Selecione uma opção a seguir', NULL);
INSERT INTO "Associates"
 ("Id","Name","Description","Email","Benefit","Situation","AssociateImagemUrl") VALUES
 (94, 'UNIASSELVI - Faculdade EAD', NULL, NULL,
 NULL, 'Primeiro Contato', NULL);
INSERT INTO "Associates"
 ("Id","Name","Description","Email","Benefit","Situation","AssociateImagemUrl") VALUES
 (95, 'Colégio São José', NULL, NULL,
 NULL, 'Selecione uma opção a seguir', NULL);
INSERT INTO "Associates"
 ("Id","Name","Description","Email","Benefit","Situation","AssociateImagemUrl") VALUES
 (96, 'Colégio do Sagrado Coração de Maria', NULL, NULL,
 NULL, 'Selecione uma opção a seguir', NULL);
INSERT INTO "Associates"
 ("Id","Name","Description","Email","Benefit","Situation","AssociateImagemUrl") VALUES
 (97, 'COLÉGIO SANTÍSSIMO REI', NULL, NULL,
 NULL, 'Primeiro Contato', NULL);
INSERT INTO "Associates"
 ("Id","Name","Description","Email","Benefit","Situation","AssociateImagemUrl") VALUES
 (98, 'Escola Integral O Verbo', NULL, NULL,
 NULL, 'Selecione uma opção a seguir', NULL);
INSERT INTO "Associates"
 ("Id","Name","Description","Email","Benefit","Situation","AssociateImagemUrl") VALUES
 (99, 'Colégio Ativo', NULL, NULL,
 NULL, 'Selecione uma opção a seguir', NULL);
INSERT INTO "Associates"
 ("Id","Name","Description","Email","Benefit","Situation","AssociateImagemUrl") VALUES
 (100, 'Colégio Maximu''s', NULL, NULL,
 NULL, 'Primeiro Contato', NULL);
INSERT INTO "AssociateOperations" ("AssociateId","OperationId") VALUES (1,24);
INSERT INTO "AssociateOperations" ("AssociateId","OperationId") VALUES (2,37);
INSERT INTO "AssociateOperations" ("AssociateId","OperationId") VALUES (3,18);
INSERT INTO "AssociateOperations" ("AssociateId","OperationId") VALUES (4,27);
INSERT INTO "AssociateOperations" ("AssociateId","OperationId") VALUES (5,22);
INSERT INTO "AssociateOperations" ("AssociateId","OperationId") VALUES (6,22);
INSERT INTO "AssociateOperations" ("AssociateId","OperationId") VALUES (7,22);
INSERT INTO "AssociateOperations" ("AssociateId","OperationId") VALUES (8,42);
INSERT INTO "AssociateOperations" ("AssociateId","OperationId") VALUES (9,43);
INSERT INTO "AssociateOperations" ("AssociateId","OperationId") VALUES (10,43);
INSERT INTO "AssociateOperations" ("AssociateId","OperationId") VALUES (11,2);
INSERT INTO "AssociateOperations" ("AssociateId","OperationId") VALUES (12,43);
INSERT INTO "AssociateOperations" ("AssociateId","OperationId") VALUES (13,43);
INSERT INTO "AssociateOperations" ("AssociateId","OperationId") VALUES (14,43);
INSERT INTO "AssociateOperations" ("AssociateId","OperationId") VALUES (15,22);
INSERT INTO "AssociateOperations" ("AssociateId","OperationId") VALUES (16,7);
INSERT INTO "AssociateOperations" ("AssociateId","OperationId") VALUES (17,49);
INSERT INTO "AssociateOperations" ("AssociateId","OperationId") VALUES (18,4);
INSERT INTO "AssociateOperations" ("AssociateId","OperationId") VALUES (19,44);
INSERT INTO "AssociateOperations" ("AssociateId","OperationId") VALUES (20,44);
INSERT INTO "AssociateOperations" ("AssociateId","OperationId") VALUES (21,46);
INSERT INTO "AssociateOperations" ("AssociateId","OperationId") VALUES (22,16);
INSERT INTO "AssociateOperations" ("AssociateId","OperationId") VALUES (23,6);
INSERT INTO "AssociateOperations" ("AssociateId","OperationId") VALUES (24,36);
INSERT INTO "AssociateOperations" ("AssociateId","OperationId") VALUES (25,49);
INSERT INTO "AssociateOperations" ("AssociateId","OperationId") VALUES (26,43);
INSERT INTO "AssociateOperations" ("AssociateId","OperationId") VALUES (27,20);
INSERT INTO "AssociateOperations" ("AssociateId","OperationId") VALUES (28,19);
INSERT INTO "AssociateOperations" ("AssociateId","OperationId") VALUES (29,44);
INSERT INTO "AssociateOperations" ("AssociateId","OperationId") VALUES (30,44);
INSERT INTO "AssociateOperations" ("AssociateId","OperationId") VALUES (31,48);
INSERT INTO "AssociateOperations" ("AssociateId","OperationId") VALUES (32,1);
INSERT INTO "AssociateOperations" ("AssociateId","OperationId") VALUES (33,15);
INSERT INTO "AssociateOperations" ("AssociateId","OperationId") VALUES (34,6);
INSERT INTO "AssociateOperations" ("AssociateId","OperationId") VALUES (35,43);
INSERT INTO "AssociateOperations" ("AssociateId","OperationId") VALUES (36,43);
INSERT INTO "AssociateOperations" ("AssociateId","OperationId") VALUES (37,26);
INSERT INTO "AssociateOperations" ("AssociateId","OperationId") VALUES (38,38);
INSERT INTO "AssociateOperations" ("AssociateId","OperationId") VALUES (39,12);
INSERT INTO "AssociateOperations" ("AssociateId","OperationId") VALUES (40,7);
INSERT INTO "AssociateOperations" ("AssociateId","OperationId") VALUES (41,43);
INSERT INTO "AssociateOperations" ("AssociateId","OperationId") VALUES (42,38);
INSERT INTO "AssociateOperations" ("AssociateId","OperationId") VALUES (43,22);
INSERT INTO "AssociateOperations" ("AssociateId","OperationId") VALUES (44,22);
INSERT INTO "AssociateOperations" ("AssociateId","OperationId") VALUES (45,35);
INSERT INTO "AssociateOperations" ("AssociateId","OperationId") VALUES (46,6);
INSERT INTO "AssociateOperations" ("AssociateId","OperationId") VALUES (47,43);
INSERT INTO "AssociateOperations" ("AssociateId","OperationId") VALUES (48,7);
INSERT INTO "AssociateOperations" ("AssociateId","OperationId") VALUES (49,46);
INSERT INTO "AssociateOperations" ("AssociateId","OperationId") VALUES (50,32);
INSERT INTO "AssociateOperations" ("AssociateId","OperationId") VALUES (51,22);
INSERT INTO "AssociateOperations" ("AssociateId","OperationId") VALUES (52,22);
INSERT INTO "AssociateOperations" ("AssociateId","OperationId") VALUES (53,22);
INSERT INTO "AssociateOperations" ("AssociateId","OperationId") VALUES (54,22);
INSERT INTO "AssociateOperations" ("AssociateId","OperationId") VALUES (55,22);
INSERT INTO "AssociateOperations" ("AssociateId","OperationId") VALUES (56,22);
INSERT INTO "AssociateOperations" ("AssociateId","OperationId") VALUES (57,22);
INSERT INTO "AssociateOperations" ("AssociateId","OperationId") VALUES (58,22);
INSERT INTO "AssociateOperations" ("AssociateId","OperationId") VALUES (59,22);
INSERT INTO "AssociateOperations" ("AssociateId","OperationId") VALUES (60,22);
INSERT INTO "AssociateOperations" ("AssociateId","OperationId") VALUES (61,22);
INSERT INTO "AssociateOperations" ("AssociateId","OperationId") VALUES (62,22);
INSERT INTO "AssociateOperations" ("AssociateId","OperationId") VALUES (63,22);
INSERT INTO "AssociateOperations" ("AssociateId","OperationId") VALUES (64,22);
INSERT INTO "AssociateOperations" ("AssociateId","OperationId") VALUES (65,22);
INSERT INTO "AssociateOperations" ("AssociateId","OperationId") VALUES (66,22);
INSERT INTO "AssociateOperations" ("AssociateId","OperationId") VALUES (67,22);
INSERT INTO "AssociateOperations" ("AssociateId","OperationId") VALUES (68,22);
INSERT INTO "AssociateOperations" ("AssociateId","OperationId") VALUES (69,22);
INSERT INTO "AssociateOperations" ("AssociateId","OperationId") VALUES (70,22);
INSERT INTO "AssociateOperations" ("AssociateId","OperationId") VALUES (71,22);
INSERT INTO "AssociateOperations" ("AssociateId","OperationId") VALUES (72,22);
INSERT INTO "AssociateOperations" ("AssociateId","OperationId") VALUES (73,22);
INSERT INTO "AssociateOperations" ("AssociateId","OperationId") VALUES (74,22);
INSERT INTO "AssociateOperations" ("AssociateId","OperationId") VALUES (75,22);
INSERT INTO "AssociateOperations" ("AssociateId","OperationId") VALUES (76,22);
INSERT INTO "AssociateOperations" ("AssociateId","OperationId") VALUES (77,22);
INSERT INTO "AssociateOperations" ("AssociateId","OperationId") VALUES (78,22);
INSERT INTO "AssociateOperations" ("AssociateId","OperationId") VALUES (79,22);
INSERT INTO "AssociateOperations" ("AssociateId","OperationId") VALUES (80,22);
INSERT INTO "AssociateOperations" ("AssociateId","OperationId") VALUES (81,22);
INSERT INTO "AssociateOperations" ("AssociateId","OperationId") VALUES (82,22);
INSERT INTO "AssociateOperations" ("AssociateId","OperationId") VALUES (83,22);
INSERT INTO "AssociateOperations" ("AssociateId","OperationId") VALUES (84,22);
INSERT INTO "AssociateOperations" ("AssociateId","OperationId") VALUES (85,22);
INSERT INTO "AssociateOperations" ("AssociateId","OperationId") VALUES (86,22);
INSERT INTO "AssociateOperations" ("AssociateId","OperationId") VALUES (87,22);
INSERT INTO "AssociateOperations" ("AssociateId","OperationId") VALUES (88,22);
INSERT INTO "AssociateOperations" ("AssociateId","OperationId") VALUES (89,22);
INSERT INTO "AssociateOperations" ("AssociateId","OperationId") VALUES (90,22);
INSERT INTO "AssociateOperations" ("AssociateId","OperationId") VALUES (91,22);
INSERT INTO "AssociateOperations" ("AssociateId","OperationId") VALUES (92,22);
INSERT INTO "AssociateOperations" ("AssociateId","OperationId") VALUES (93,22);
INSERT INTO "AssociateOperations" ("AssociateId","OperationId") VALUES (94,22);
INSERT INTO "AssociateOperations" ("AssociateId","OperationId") VALUES (95,22);
INSERT INTO "AssociateOperations" ("AssociateId","OperationId") VALUES (96,22);
INSERT INTO "AssociateOperations" ("AssociateId","OperationId") VALUES (97,22);
INSERT INTO "AssociateOperations" ("AssociateId","OperationId") VALUES (98,22);
INSERT INTO "AssociateOperations" ("AssociateId","OperationId") VALUES (99,22);
INSERT INTO "AssociateOperations" ("AssociateId","OperationId") VALUES (100,22);

INSERT INTO "Associates"
 ("Id","Name","Description","Email","Benefit","Situation","AssociateImagemUrl") VALUES
 (101, 'Colégio Maria Montessori', NULL, NULL,
 NULL, 'Selecione uma opção a seguir', NULL);
INSERT INTO "Associates"
 ("Id","Name","Description","Email","Benefit","Situation","AssociateImagemUrl") VALUES
 (102, 'Colégio Santa Rosa', NULL, NULL,
 NULL, 'Selecione uma opção a seguir', NULL);
INSERT INTO "Associates"
 ("Id","Name","Description","Email","Benefit","Situation","AssociateImagemUrl") VALUES
 (103, 'Expoente Colégio e Cursos', NULL, NULL,
 NULL, 'Selecione uma opção a seguir', NULL);
INSERT INTO "Associates"
 ("Id","Name","Description","Email","Benefit","Situation","AssociateImagemUrl") VALUES
 (104, 'CEST-Centro Educacional Santa Terezinha', NULL, NULL,
 NULL, 'Selecione uma opção a seguir', NULL);
INSERT INTO "Associates"
 ("Id","Name","Description","Email","Benefit","Situation","AssociateImagemUrl") VALUES
 (105, 'Escola Monte Carmelo', NULL, NULL,
 NULL, 'Selecione uma opção a seguir', NULL);
INSERT INTO "Associates"
 ("Id","Name","Description","Email","Benefit","Situation","AssociateImagemUrl") VALUES
 (106, 'Escola Pingo de Gente', NULL, NULL,
 NULL, 'Selecione uma opção a seguir', NULL);
INSERT INTO "Associates"
 ("Id","Name","Description","Email","Benefit","Situation","AssociateImagemUrl") VALUES
 (107, 'Colégio Sagrada Família Gama', NULL, NULL,
 NULL, 'Selecione uma opção a seguir', NULL);
INSERT INTO "Associates"
 ("Id","Name","Description","Email","Benefit","Situation","AssociateImagemUrl") VALUES
 (108, 'Maple Bear Canadian School', NULL, NULL,
 NULL, 'Selecione uma opção a seguir', NULL);
INSERT INTO "Associates"
 ("Id","Name","Description","Email","Benefit","Situation","AssociateImagemUrl") VALUES
 (109, 'Colégio Monsenhor Luis Barbosa', NULL, NULL,
 NULL, 'Selecione uma opção a seguir', NULL);
INSERT INTO "Associates"
 ("Id","Name","Description","Email","Benefit","Situation","AssociateImagemUrl") VALUES
 (110, 'Colégio Santa Lucia', NULL, NULL,
 NULL, 'Selecione uma opção a seguir', NULL);
INSERT INTO "Associates"
 ("Id","Name","Description","Email","Benefit","Situation","AssociateImagemUrl") VALUES
 (111, 'Colégio Intensivo', NULL, NULL,
 NULL, 'Selecione uma opção a seguir', NULL);
INSERT INTO "Associates"
 ("Id","Name","Description","Email","Benefit","Situation","AssociateImagemUrl") VALUES
 (112, 'Colégio Contato', NULL, NULL,
 NULL, 'Selecione uma opção a seguir', NULL);
INSERT INTO "Associates"
 ("Id","Name","Description","Email","Benefit","Situation","AssociateImagemUrl") VALUES
 (113, 'FACIMA - Faculdade da Cidade de Maceió', NULL, NULL,
 NULL, 'Selecione uma opção a seguir', NULL);
INSERT INTO "Associates"
 ("Id","Name","Description","Email","Benefit","Situation","AssociateImagemUrl") VALUES
 (114, 'UNIMA | AFYA - Centro Universitário de Maceió', NULL, NULL,
 NULL, 'Selecione uma opção a seguir', NULL);
INSERT INTO "Associates"
 ("Id","Name","Description","Email","Benefit","Situation","AssociateImagemUrl") VALUES
 (115, 'FAN - Faculdade de Administração e Negócios', NULL, NULL,
 NULL, 'Selecione uma opção a seguir', NULL);
INSERT INTO "Associates"
 ("Id","Name","Description","Email","Benefit","Situation","AssociateImagemUrl") VALUES
 (116, 'UNINTER MACEIÓ', NULL, NULL,
 NULL, 'Primeiro Contato', NULL);
INSERT INTO "Associates"
 ("Id","Name","Description","Email","Benefit","Situation","AssociateImagemUrl") VALUES
 (117, 'Faculdade Raimundo Marinho', NULL, NULL,
 NULL, 'Selecione uma opção a seguir', NULL);
INSERT INTO "Associates"
 ("Id","Name","Description","Email","Benefit","Situation","AssociateImagemUrl") VALUES
 (118, 'Faculdade SEUNE', NULL, NULL,
 NULL, 'Selecione uma opção a seguir', NULL);
INSERT INTO "Associates"
 ("Id","Name","Description","Email","Benefit","Situation","AssociateImagemUrl") VALUES
 (119, 'FAA-IESA', NULL, NULL,
 NULL, 'Selecione uma opção a seguir', NULL);
INSERT INTO "Associates"
 ("Id","Name","Description","Email","Benefit","Situation","AssociateImagemUrl") VALUES
 (120, 'UNIATENEU Maceió', NULL, NULL,
 NULL, 'Primeiro Contato', NULL);
INSERT INTO "Associates"
 ("Id","Name","Description","Email","Benefit","Situation","AssociateImagemUrl") VALUES
 (121, 'Faculdade Impacto', NULL, NULL,
 NULL, 'Selecione uma opção a seguir', NULL);
INSERT INTO "Associates"
 ("Id","Name","Description","Email","Benefit","Situation","AssociateImagemUrl") VALUES
 (122, 'UniFG - Polo Maceió', NULL, NULL,
 NULL, 'Selecione uma opção a seguir', NULL);
INSERT INTO "Associates"
 ("Id","Name","Description","Email","Benefit","Situation","AssociateImagemUrl") VALUES
 (123, 'Cesmac', NULL, NULL,
 NULL, 'Primeiro Contato', NULL);
INSERT INTO "Associates"
 ("Id","Name","Description","Email","Benefit","Situation","AssociateImagemUrl") VALUES
 (124, 'Escola Microlins', NULL, NULL,
 NULL, 'Selecione uma opção a seguir', NULL);
INSERT INTO "Associates"
 ("Id","Name","Description","Email","Benefit","Situation","AssociateImagemUrl") VALUES
 (125, 'IEP - Instituto de Evolução Profissional', NULL, NULL,
 NULL, 'Primeiro Contato', NULL);
INSERT INTO "Associates"
 ("Id","Name","Description","Email","Benefit","Situation","AssociateImagemUrl") VALUES
 (126, 'Centro de Ensino Grau Técnico - Maceió', NULL, NULL,
 NULL, 'Selecione uma opção a seguir', NULL);
INSERT INTO "Associates"
 ("Id","Name","Description","Email","Benefit","Situation","AssociateImagemUrl") VALUES
 (127, 'Centro de Ensino Santa Juliana', NULL, NULL,
 NULL, 'Primeiro Contato', NULL);
INSERT INTO "Associates"
 ("Id","Name","Description","Email","Benefit","Situation","AssociateImagemUrl") VALUES
 (128, 'Mais Maceió Isoladas', NULL, NULL,
 NULL, 'Selecione uma opção a seguir', NULL);
INSERT INTO "Associates"
 ("Id","Name","Description","Email","Benefit","Situation","AssociateImagemUrl") VALUES
 (129, 'G5 Matérias Isoladas', NULL, NULL,
 NULL, 'Parceria Rejeitada', NULL);
INSERT INTO "Associates"
 ("Id","Name","Description","Email","Benefit","Situation","AssociateImagemUrl") VALUES
 (130, 'Núcleo de Isoladas', NULL, NULL,
 NULL, 'Primeiro Contato', NULL);
INSERT INTO "Associates"
 ("Id","Name","Description","Email","Benefit","Situation","AssociateImagemUrl") VALUES
 (131, 'Tribo Fitness Maceió', NULL, NULL,
 NULL, 'Primeiro Contato', NULL);
INSERT INTO "Associates"
 ("Id","Name","Description","Email","Benefit","Situation","AssociateImagemUrl") VALUES
 (132, 'Cross Experience - Serraria', NULL, NULL,
 NULL, 'Primeiro Contato', NULL);
INSERT INTO "Associates"
 ("Id","Name","Description","Email","Benefit","Situation","AssociateImagemUrl") VALUES
 (133, 'Crossfit Corais', NULL, NULL,
 NULL, 'Primeiro Contato', NULL);
INSERT INTO "Associates"
 ("Id","Name","Description","Email","Benefit","Situation","AssociateImagemUrl") VALUES
 (134, 'CrossFit Zero Oito Dois (082)', NULL, NULL,
 NULL, 'Primeiro Contato', NULL);
INSERT INTO "Associates"
 ("Id","Name","Description","Email","Benefit","Situation","AssociateImagemUrl") VALUES
 (135, 'BOX 7 Maceió', NULL, NULL,
 NULL, 'Primeiro Contato', NULL);
INSERT INTO "Associates"
 ("Id","Name","Description","Email","Benefit","Situation","AssociateImagemUrl") VALUES
 (136, 'Black Box Academia', NULL, NULL,
 NULL, 'Primeiro Contato', NULL);
INSERT INTO "Associates"
 ("Id","Name","Description","Email","Benefit","Situation","AssociateImagemUrl") VALUES
 (137, 'Tr Fitness Crossfit', NULL, NULL,
 NULL, 'Primeiro Contato', NULL);
INSERT INTO "Associates"
 ("Id","Name","Description","Email","Benefit","Situation","AssociateImagemUrl") VALUES
 (138, 'Light Box Crossfit', NULL, NULL,
 NULL, 'Primeiro Contato', NULL);
INSERT INTO "Associates"
 ("Id","Name","Description","Email","Benefit","Situation","AssociateImagemUrl") VALUES
 (139, 'Fit Arena', NULL, NULL,
 NULL, 'Selecione uma opção a seguir', NULL);
INSERT INTO "Associates"
 ("Id","Name","Description","Email","Benefit","Situation","AssociateImagemUrl") VALUES
 (140, 'N2FIT.ACADEMIA', NULL, NULL,
 NULL, 'Primeiro Contato', NULL);
INSERT INTO "Associates"
 ("Id","Name","Description","Email","Benefit","Situation","AssociateImagemUrl") VALUES
 (141, 'GYM FIT MCZ', NULL, NULL,
 '5% de desconto nos produtos/serviços oferecidos pela empresa.', 'Parceria Concluída e Publicada', NULL);
INSERT INTO "Associates"
 ("Id","Name","Description","Email","Benefit","Situation","AssociateImagemUrl") VALUES
 (142, 'Academia Club Fitness', NULL, NULL,
 NULL, 'Primeiro Contato', NULL);
INSERT INTO "Associates"
 ("Id","Name","Description","Email","Benefit","Situation","AssociateImagemUrl") VALUES
 (143, 'Academia Motivação Fitness', NULL, NULL,
 NULL, 'Parceria Rejeitada', NULL);
INSERT INTO "Associates"
 ("Id","Name","Description","Email","Benefit","Situation","AssociateImagemUrl") VALUES
 (144, 'Glaxy Fitness', NULL, NULL,
 NULL, 'Parceria Rejeitada', NULL);
INSERT INTO "Associates"
 ("Id","Name","Description","Email","Benefit","Situation","AssociateImagemUrl") VALUES
 (145, 'JK Fitness', NULL, NULL,
 NULL, 'Primeiro Contato', NULL);
INSERT INTO "Associates"
 ("Id","Name","Description","Email","Benefit","Situation","AssociateImagemUrl") VALUES
 (146, 'Crossfit Pajuçara', NULL, NULL,
 NULL, 'Primeiro Contato', NULL);
INSERT INTO "Associates"
 ("Id","Name","Description","Email","Benefit","Situation","AssociateImagemUrl") VALUES
 (147, 'Academia Socialfit', NULL, NULL,
 NULL, 'Primeiro Contato', NULL);
INSERT INTO "Associates"
 ("Id","Name","Description","Email","Benefit","Situation","AssociateImagemUrl") VALUES
 (148, 'Academia Foco Fitness', NULL, NULL,
 NULL, 'Primeiro Contato', NULL);
INSERT INTO "Associates"
 ("Id","Name","Description","Email","Benefit","Situation","AssociateImagemUrl") VALUES
 (149, 'King''s Cross', NULL, NULL,
 NULL, 'Primeiro Contato', NULL);
INSERT INTO "Associates"
 ("Id","Name","Description","Email","Benefit","Situation","AssociateImagemUrl") VALUES
 (150, 'CF SPARTA', NULL, NULL,
 NULL, 'Primeiro Contato', NULL);
INSERT INTO "Associates"
 ("Id","Name","Description","Email","Benefit","Situation","AssociateImagemUrl") VALUES
 (151, 'WOD BASE - Cross Training', NULL, NULL,
 NULL, 'Primeiro Contato', NULL);
INSERT INTO "Associates"
 ("Id","Name","Description","Email","Benefit","Situation","AssociateImagemUrl") VALUES
 (152, 'Academia Mais Fitness', NULL, NULL,
 NULL, 'Primeiro Contato', NULL);
INSERT INTO "Associates"
 ("Id","Name","Description","Email","Benefit","Situation","AssociateImagemUrl") VALUES
 (153, 'Academia Habeas Corpus', NULL, NULL,
 NULL, 'Primeiro Contato', NULL);
INSERT INTO "Associates"
 ("Id","Name","Description","Email","Benefit","Situation","AssociateImagemUrl") VALUES
 (154, 'CACTUS FITNESS BOX', NULL, NULL,
 NULL, 'Primeiro Contato', NULL);
INSERT INTO "Associates"
 ("Id","Name","Description","Email","Benefit","Situation","AssociateImagemUrl") VALUES
 (155, 'Academia Km Fitness', NULL, NULL,
 NULL, 'Primeiro Contato', NULL);
INSERT INTO "Associates"
 ("Id","Name","Description","Email","Benefit","Situation","AssociateImagemUrl") VALUES
 (156, 'Aerofit Academia', NULL, NULL,
 NULL, 'Primeiro Contato', NULL);
INSERT INTO "Associates"
 ("Id","Name","Description","Email","Benefit","Situation","AssociateImagemUrl") VALUES
 (157, 'Five Studio Fitness', NULL, NULL,
 NULL, 'Primeiro Contato', NULL);
INSERT INTO "Associates"
 ("Id","Name","Description","Email","Benefit","Situation","AssociateImagemUrl") VALUES
 (158, 'SKYFIT GRUTA DE LOURDES', NULL, NULL,
 NULL, 'Primeiro Contato', NULL);
INSERT INTO "Associates"
 ("Id","Name","Description","Email","Benefit","Situation","AssociateImagemUrl") VALUES
 (159, 'Arcanjo Barbearia', NULL, NULL,
 NULL, 'Parceria Rejeitada', NULL);
INSERT INTO "Associates"
 ("Id","Name","Description","Email","Benefit","Situation","AssociateImagemUrl") VALUES
 (160, 'Barbearia Gazzola', NULL, NULL,
 NULL, 'Primeiro Contato', NULL);
INSERT INTO "Associates"
 ("Id","Name","Description","Email","Benefit","Situation","AssociateImagemUrl") VALUES
 (161, 'Barbearia Velha Guarda', NULL, NULL,
 NULL, 'Primeiro Contato', NULL);
INSERT INTO "Associates"
 ("Id","Name","Description","Email","Benefit","Situation","AssociateImagemUrl") VALUES
 (162, 'Barbearia 18 dejulho', NULL, NULL,
 NULL, 'Primeiro Contato', NULL);
INSERT INTO "Associates"
 ("Id","Name","Description","Email","Benefit","Situation","AssociateImagemUrl") VALUES
 (163, 'Barbearia JS Barbershop', NULL, NULL,
 NULL, 'Primeiro Contato', NULL);
INSERT INTO "Associates"
 ("Id","Name","Description","Email","Benefit","Situation","AssociateImagemUrl") VALUES
 (164, 'Baiano Barbearia', NULL, NULL,
 NULL, 'Parceria em Análise', NULL);
INSERT INTO "Associates"
 ("Id","Name","Description","Email","Benefit","Situation","AssociateImagemUrl") VALUES
 (165, 'Arena Barbearia', NULL, NULL,
 NULL, 'Selecione uma opção a seguir', NULL);
INSERT INTO "Associates"
 ("Id","Name","Description","Email","Benefit","Situation","AssociateImagemUrl") VALUES
 (166, 'Barbearia Alagoana', NULL, NULL,
 NULL, 'Primeiro Contato', NULL);
INSERT INTO "Associates"
 ("Id","Name","Description","Email","Benefit","Situation","AssociateImagemUrl") VALUES
 (167, 'Barong Barbearia', NULL, NULL,
 NULL, 'Primeiro Contato', NULL);
INSERT INTO "Associates"
 ("Id","Name","Description","Email","Benefit","Situation","AssociateImagemUrl") VALUES
 (168, 'Cabelo No Grau', NULL, NULL,
 NULL, 'Primeiro Contato', NULL);
INSERT INTO "Associates"
 ("Id","Name","Description","Email","Benefit","Situation","AssociateImagemUrl") VALUES
 (169, 'Benvindo’s Barbearia', NULL, NULL,
 NULL, 'Primeiro Contato', NULL);
INSERT INTO "Associates"
 ("Id","Name","Description","Email","Benefit","Situation","AssociateImagemUrl") VALUES
 (170, 'Barbearia Estética Club', NULL, NULL,
 NULL, 'Primeiro Contato', NULL);
INSERT INTO "Associates"
 ("Id","Name","Description","Email","Benefit","Situation","AssociateImagemUrl") VALUES
 (171, 'Jackson Do Corte Barbearia', NULL, NULL,
 NULL, 'Primeiro Contato', NULL);
INSERT INTO "Associates"
 ("Id","Name","Description","Email","Benefit","Situation","AssociateImagemUrl") VALUES
 (172, 'Efac Barbearia', NULL, NULL,
 NULL, 'Primeiro Contato', NULL);
INSERT INTO "Associates"
 ("Id","Name","Description","Email","Benefit","Situation","AssociateImagemUrl") VALUES
 (173, 'Barbearia RB Barbershop mcz', NULL, NULL,
 NULL, 'Parceria Rejeitada', NULL);
INSERT INTO "Associates"
 ("Id","Name","Description","Email","Benefit","Situation","AssociateImagemUrl") VALUES
 (174, 'Look Barber Club | Barbearia', NULL, NULL,
 NULL, 'Primeiro Contato', NULL);
INSERT INTO "Associates"
 ("Id","Name","Description","Email","Benefit","Situation","AssociateImagemUrl") VALUES
 (175, 'Barbearia don feitosa', NULL, NULL,
 'Falei com Sara Recepcionista (82) 98731-8618', 'Primeiro Contato', NULL);
INSERT INTO "Associates"
 ("Id","Name","Description","Email","Benefit","Situation","AssociateImagemUrl") VALUES
 (176, 'Sports Barbershop', NULL, NULL,
 NULL, 'Primeiro Contato', NULL);
INSERT INTO "Associates"
 ("Id","Name","Description","Email","Benefit","Situation","AssociateImagemUrl") VALUES
 (177, 'O Rei da Navalha', NULL, NULL,
 NULL, 'Primeiro Contato', NULL);
INSERT INTO "Associates"
 ("Id","Name","Description","Email","Benefit","Situation","AssociateImagemUrl") VALUES
 (178, 'Barbearia Antiga Serraria VIP', NULL, NULL,
 NULL, 'Primeiro Contato', NULL);
INSERT INTO "Associates"
 ("Id","Name","Description","Email","Benefit","Situation","AssociateImagemUrl") VALUES
 (179, 'Barbearia Point dos Cortes', NULL, NULL,
 NULL, 'Primeiro Contato', NULL);
INSERT INTO "Associates"
 ("Id","Name","Description","Email","Benefit","Situation","AssociateImagemUrl") VALUES
 (180, 'Sr. Gruta Barbearia', NULL, NULL,
 NULL, 'Primeiro Contato', NULL);
INSERT INTO "Associates"
 ("Id","Name","Description","Email","Benefit","Situation","AssociateImagemUrl") VALUES
 (181, 'Amsterdã Rocha Barbearia 24 Horas', NULL, NULL,
 NULL, 'Selecione uma opção a seguir', NULL);
INSERT INTO "Associates"
 ("Id","Name","Description","Email","Benefit","Situation","AssociateImagemUrl") VALUES
 (182, 'Empório Barbearia', NULL, NULL,
 NULL, 'Primeiro Contato', NULL);
INSERT INTO "Associates"
 ("Id","Name","Description","Email","Benefit","Situation","AssociateImagemUrl") VALUES
 (183, 'Barbearia Allee Cortes | Barbearia', NULL, NULL,
 NULL, 'Primeiro Contato', NULL);
INSERT INTO "Associates"
 ("Id","Name","Description","Email","Benefit","Situation","AssociateImagemUrl") VALUES
 (184, 'Barbearia MCZ', NULL, NULL,
 NULL, 'Primeiro Contato', NULL);
INSERT INTO "Associates"
 ("Id","Name","Description","Email","Benefit","Situation","AssociateImagemUrl") VALUES
 (185, 'Mano’s Barber Shop', NULL, NULL,
 NULL, 'Primeiro Contato', NULL);
INSERT INTO "Associates"
 ("Id","Name","Description","Email","Benefit","Situation","AssociateImagemUrl") VALUES
 (186, 'Camel Solar - Instalação de Energia Solar Fotovoltaica em Alagoas', NULL, NULL,
 NULL, 'Primeiro Contato', NULL);
INSERT INTO "Associates"
 ("Id","Name","Description","Email","Benefit","Situation","AssociateImagemUrl") VALUES
 (187, 'MACEIÓ ENERGIA SOLAR LTDA', NULL, NULL,
 NULL, 'Primeiro Contato', NULL);
INSERT INTO "Associates"
 ("Id","Name","Description","Email","Benefit","Situation","AssociateImagemUrl") VALUES
 (188, 'Força e Luz | Distribuidor Energia Solar', NULL, NULL,
 NULL, 'Primeiro Contato', NULL);
INSERT INTO "Associates"
 ("Id","Name","Description","Email","Benefit","Situation","AssociateImagemUrl") VALUES
 (189, 'SOLUTHI ENERGY', NULL, NULL,
 NULL, 'Parceria em Análise', NULL);
INSERT INTO "Associates"
 ("Id","Name","Description","Email","Benefit","Situation","AssociateImagemUrl") VALUES
 (190, 'Raio Solar Energy', NULL, NULL,
 NULL, 'Primeiro Contato', NULL);
INSERT INTO "Associates"
 ("Id","Name","Description","Email","Benefit","Situation","AssociateImagemUrl") VALUES
 (191, 'D''Solare Energia e Inovação', NULL, NULL,
 NULL, 'Parceria em Análise', NULL);
INSERT INTO "Associates"
 ("Id","Name","Description","Email","Benefit","Situation","AssociateImagemUrl") VALUES
 (192, 'Elyt Solar Engenharia Elétrica', NULL, NULL,
 NULL, 'Parceria Rejeitada', NULL);
INSERT INTO "Associates"
 ("Id","Name","Description","Email","Benefit","Situation","AssociateImagemUrl") VALUES
 (193, 'Ecosolar Energia Solar', NULL, NULL,
 NULL, 'Primeiro Contato', NULL);
INSERT INTO "Associates"
 ("Id","Name","Description","Email","Benefit","Situation","AssociateImagemUrl") VALUES
 (194, 'RV SOLAR', NULL, NULL,
 NULL, 'Primeiro Contato', NULL);
INSERT INTO "Associates"
 ("Id","Name","Description","Email","Benefit","Situation","AssociateImagemUrl") VALUES
 (195, 'HCC Energia Solar', NULL, NULL,
 NULL, 'Primeiro Contato', NULL);
INSERT INTO "Associates"
 ("Id","Name","Description","Email","Benefit","Situation","AssociateImagemUrl") VALUES
 (196, 'Solar Alagoas', NULL, NULL,
 NULL, 'Primeiro Contato', NULL);
INSERT INTO "Associates"
 ("Id","Name","Description","Email","Benefit","Situation","AssociateImagemUrl") VALUES
 (197, 'MCZ Mais Solar', NULL, NULL,
 NULL, 'Primeiro Contato', NULL);
INSERT INTO "Associates"
 ("Id","Name","Description","Email","Benefit","Situation","AssociateImagemUrl") VALUES
 (198, 'KL Solar', NULL, NULL,
 NULL, 'Parceria em Análise', NULL);
INSERT INTO "Associates"
 ("Id","Name","Description","Email","Benefit","Situation","AssociateImagemUrl") VALUES
 (199, 'Solaric Energia Fotovoltaica', NULL, NULL,
 NULL, 'Primeiro Contato', NULL);
INSERT INTO "Associates"
 ("Id","Name","Description","Email","Benefit","Situation","AssociateImagemUrl") VALUES
 (200, 'Clube do Fera', NULL, NULL,
 '15% em descontos e mensalidades', 'Contrato em Andamento', NULL);
INSERT INTO "AssociateOperations" ("AssociateId","OperationId") VALUES (101,22);
INSERT INTO "AssociateOperations" ("AssociateId","OperationId") VALUES (102,22);
INSERT INTO "AssociateOperations" ("AssociateId","OperationId") VALUES (103,22);
INSERT INTO "AssociateOperations" ("AssociateId","OperationId") VALUES (104,22);
INSERT INTO "AssociateOperations" ("AssociateId","OperationId") VALUES (105,22);
INSERT INTO "AssociateOperations" ("AssociateId","OperationId") VALUES (106,22);
INSERT INTO "AssociateOperations" ("AssociateId","OperationId") VALUES (107,22);
INSERT INTO "AssociateOperations" ("AssociateId","OperationId") VALUES (108,22);
INSERT INTO "AssociateOperations" ("AssociateId","OperationId") VALUES (109,22);
INSERT INTO "AssociateOperations" ("AssociateId","OperationId") VALUES (110,22);
INSERT INTO "AssociateOperations" ("AssociateId","OperationId") VALUES (111,22);
INSERT INTO "AssociateOperations" ("AssociateId","OperationId") VALUES (112,22);
INSERT INTO "AssociateOperations" ("AssociateId","OperationId") VALUES (113,22);
INSERT INTO "AssociateOperations" ("AssociateId","OperationId") VALUES (114,22);
INSERT INTO "AssociateOperations" ("AssociateId","OperationId") VALUES (115,22);
INSERT INTO "AssociateOperations" ("AssociateId","OperationId") VALUES (116,22);
INSERT INTO "AssociateOperations" ("AssociateId","OperationId") VALUES (117,22);
INSERT INTO "AssociateOperations" ("AssociateId","OperationId") VALUES (118,22);
INSERT INTO "AssociateOperations" ("AssociateId","OperationId") VALUES (119,22);
INSERT INTO "AssociateOperations" ("AssociateId","OperationId") VALUES (120,22);
INSERT INTO "AssociateOperations" ("AssociateId","OperationId") VALUES (121,22);
INSERT INTO "AssociateOperations" ("AssociateId","OperationId") VALUES (122,22);
INSERT INTO "AssociateOperations" ("AssociateId","OperationId") VALUES (123,22);
INSERT INTO "AssociateOperations" ("AssociateId","OperationId") VALUES (124,22);
INSERT INTO "AssociateOperations" ("AssociateId","OperationId") VALUES (125,22);
INSERT INTO "AssociateOperations" ("AssociateId","OperationId") VALUES (126,22);
INSERT INTO "AssociateOperations" ("AssociateId","OperationId") VALUES (127,22);
INSERT INTO "AssociateOperations" ("AssociateId","OperationId") VALUES (128,22);
INSERT INTO "AssociateOperations" ("AssociateId","OperationId") VALUES (129,22);
INSERT INTO "AssociateOperations" ("AssociateId","OperationId") VALUES (130,22);
INSERT INTO "AssociateOperations" ("AssociateId","OperationId") VALUES (131,1);
INSERT INTO "AssociateOperations" ("AssociateId","OperationId") VALUES (132,1);
INSERT INTO "AssociateOperations" ("AssociateId","OperationId") VALUES (133,1);
INSERT INTO "AssociateOperations" ("AssociateId","OperationId") VALUES (134,1);
INSERT INTO "AssociateOperations" ("AssociateId","OperationId") VALUES (135,1);
INSERT INTO "AssociateOperations" ("AssociateId","OperationId") VALUES (136,1);
INSERT INTO "AssociateOperations" ("AssociateId","OperationId") VALUES (137,1);
INSERT INTO "AssociateOperations" ("AssociateId","OperationId") VALUES (138,1);
INSERT INTO "AssociateOperations" ("AssociateId","OperationId") VALUES (139,1);
INSERT INTO "AssociateOperations" ("AssociateId","OperationId") VALUES (140,1);
INSERT INTO "AssociateOperations" ("AssociateId","OperationId") VALUES (141,1);
INSERT INTO "AssociateOperations" ("AssociateId","OperationId") VALUES (142,1);
INSERT INTO "AssociateOperations" ("AssociateId","OperationId") VALUES (143,1);
INSERT INTO "AssociateOperations" ("AssociateId","OperationId") VALUES (144,1);
INSERT INTO "AssociateOperations" ("AssociateId","OperationId") VALUES (145,1);
INSERT INTO "AssociateOperations" ("AssociateId","OperationId") VALUES (146,1);
INSERT INTO "AssociateOperations" ("AssociateId","OperationId") VALUES (147,1);
INSERT INTO "AssociateOperations" ("AssociateId","OperationId") VALUES (148,1);
INSERT INTO "AssociateOperations" ("AssociateId","OperationId") VALUES (149,1);
INSERT INTO "AssociateOperations" ("AssociateId","OperationId") VALUES (150,1);
INSERT INTO "AssociateOperations" ("AssociateId","OperationId") VALUES (151,1);
INSERT INTO "AssociateOperations" ("AssociateId","OperationId") VALUES (152,1);
INSERT INTO "AssociateOperations" ("AssociateId","OperationId") VALUES (153,1);
INSERT INTO "AssociateOperations" ("AssociateId","OperationId") VALUES (154,1);
INSERT INTO "AssociateOperations" ("AssociateId","OperationId") VALUES (155,1);
INSERT INTO "AssociateOperations" ("AssociateId","OperationId") VALUES (156,1);
INSERT INTO "AssociateOperations" ("AssociateId","OperationId") VALUES (157,1);
INSERT INTO "AssociateOperations" ("AssociateId","OperationId") VALUES (158,1);
INSERT INTO "AssociateOperations" ("AssociateId","OperationId") VALUES (159,6);
INSERT INTO "AssociateOperations" ("AssociateId","OperationId") VALUES (160,6);
INSERT INTO "AssociateOperations" ("AssociateId","OperationId") VALUES (161,6);
INSERT INTO "AssociateOperations" ("AssociateId","OperationId") VALUES (162,6);
INSERT INTO "AssociateOperations" ("AssociateId","OperationId") VALUES (163,6);
INSERT INTO "AssociateOperations" ("AssociateId","OperationId") VALUES (164,6);
INSERT INTO "AssociateOperations" ("AssociateId","OperationId") VALUES (165,6);
INSERT INTO "AssociateOperations" ("AssociateId","OperationId") VALUES (166,6);
INSERT INTO "AssociateOperations" ("AssociateId","OperationId") VALUES (167,6);
INSERT INTO "AssociateOperations" ("AssociateId","OperationId") VALUES (168,6);
INSERT INTO "AssociateOperations" ("AssociateId","OperationId") VALUES (169,6);
INSERT INTO "AssociateOperations" ("AssociateId","OperationId") VALUES (170,6);
INSERT INTO "AssociateOperations" ("AssociateId","OperationId") VALUES (171,6);
INSERT INTO "AssociateOperations" ("AssociateId","OperationId") VALUES (172,6);
INSERT INTO "AssociateOperations" ("AssociateId","OperationId") VALUES (173,6);
INSERT INTO "AssociateOperations" ("AssociateId","OperationId") VALUES (174,6);
INSERT INTO "AssociateOperations" ("AssociateId","OperationId") VALUES (175,6);
INSERT INTO "AssociateOperations" ("AssociateId","OperationId") VALUES (176,6);
INSERT INTO "AssociateOperations" ("AssociateId","OperationId") VALUES (177,6);
INSERT INTO "AssociateOperations" ("AssociateId","OperationId") VALUES (178,6);
INSERT INTO "AssociateOperations" ("AssociateId","OperationId") VALUES (179,6);
INSERT INTO "AssociateOperations" ("AssociateId","OperationId") VALUES (180,6);
INSERT INTO "AssociateOperations" ("AssociateId","OperationId") VALUES (181,6);
INSERT INTO "AssociateOperations" ("AssociateId","OperationId") VALUES (182,6);
INSERT INTO "AssociateOperations" ("AssociateId","OperationId") VALUES (183,6);
INSERT INTO "AssociateOperations" ("AssociateId","OperationId") VALUES (184,6);
INSERT INTO "AssociateOperations" ("AssociateId","OperationId") VALUES (185,6);
INSERT INTO "AssociateOperations" ("AssociateId","OperationId") VALUES (186,27);
INSERT INTO "AssociateOperations" ("AssociateId","OperationId") VALUES (187,27);
INSERT INTO "AssociateOperations" ("AssociateId","OperationId") VALUES (188,27);
INSERT INTO "AssociateOperations" ("AssociateId","OperationId") VALUES (189,27);
INSERT INTO "AssociateOperations" ("AssociateId","OperationId") VALUES (190,27);
INSERT INTO "AssociateOperations" ("AssociateId","OperationId") VALUES (191,27);
INSERT INTO "AssociateOperations" ("AssociateId","OperationId") VALUES (192,27);
INSERT INTO "AssociateOperations" ("AssociateId","OperationId") VALUES (193,27);
INSERT INTO "AssociateOperations" ("AssociateId","OperationId") VALUES (194,27);
INSERT INTO "AssociateOperations" ("AssociateId","OperationId") VALUES (195,27);
INSERT INTO "AssociateOperations" ("AssociateId","OperationId") VALUES (196,27);
INSERT INTO "AssociateOperations" ("AssociateId","OperationId") VALUES (197,27);
INSERT INTO "AssociateOperations" ("AssociateId","OperationId") VALUES (198,27);
INSERT INTO "AssociateOperations" ("AssociateId","OperationId") VALUES (199,27);
INSERT INTO "AssociateOperations" ("AssociateId","OperationId") VALUES (200,22);

INSERT INTO "Associates"
 ("Id","Name","Description","Email","Benefit","Situation","AssociateImagemUrl") VALUES
 (201, 'Camerino Cursos', NULL, NULL,
 NULL, 'Selecione uma opção a seguir', NULL);
INSERT INTO "Associates"
 ("Id","Name","Description","Email","Benefit","Situation","AssociateImagemUrl") VALUES
 (202, 'Roll Up Pilates Studios', NULL, NULL,
 NULL, 'Primeiro Contato', NULL);
INSERT INTO "Associates"
 ("Id","Name","Description","Email","Benefit","Situation","AssociateImagemUrl") VALUES
 (203, 'StudioPatríciaPassos', NULL, NULL,
 NULL, 'Primeiro Contato', NULL);
INSERT INTO "Associates"
 ("Id","Name","Description","Email","Benefit","Situation","AssociateImagemUrl") VALUES
 (204, 'Larissa Buarque Studio de Pilates', NULL, NULL,
 NULL, 'Primeiro Contato', NULL);
INSERT INTO "Associates"
 ("Id","Name","Description","Email","Benefit","Situation","AssociateImagemUrl") VALUES
 (205, 'INSPIRA PILATES STUDIO', NULL, NULL,
 NULL, 'Parceria Rejeitada', NULL);
INSERT INTO "Associates"
 ("Id","Name","Description","Email","Benefit","Situation","AssociateImagemUrl") VALUES
 (206, 'Espaço Vita', NULL, NULL,
 NULL, 'Primeiro Contato', NULL);
INSERT INTO "Associates"
 ("Id","Name","Description","Email","Benefit","Situation","AssociateImagemUrl") VALUES
 (207, 'Studio Fisio Pilates', NULL, NULL,
 NULL, 'Primeiro Contato', NULL);
INSERT INTO "Associates"
 ("Id","Name","Description","Email","Benefit","Situation","AssociateImagemUrl") VALUES
 (208, 'Fisio & Forma Pilates', NULL, NULL,
 NULL, 'Primeiro Contato', NULL);
INSERT INTO "Associates"
 ("Id","Name","Description","Email","Benefit","Situation","AssociateImagemUrl") VALUES
 (209, 'Pilates S2 Medeiros', NULL, NULL,
 NULL, 'Primeiro Contato', NULL);
INSERT INTO "Associates"
 ("Id","Name","Description","Email","Benefit","Situation","AssociateImagemUrl") VALUES
 (210, 'Fisiostudio Débora Maria', NULL, NULL,
 NULL, 'Primeiro Contato', NULL);
INSERT INTO "Associates"
 ("Id","Name","Description","Email","Benefit","Situation","AssociateImagemUrl") VALUES
 (211, 'Studio Balance - Galeria Boulevard Pilates Ledivania', NULL, NULL,
 NULL, 'Primeiro Contato', NULL);
INSERT INTO "Associates"
 ("Id","Name","Description","Email","Benefit","Situation","AssociateImagemUrl") VALUES
 (212, 'FisioCorpus Pilates', NULL, NULL,
 NULL, 'Selecione uma opção a seguir', NULL);
INSERT INTO "Associates"
 ("Id","Name","Description","Email","Benefit","Situation","AssociateImagemUrl") VALUES
 (213, 'Fisioterapia Pilates Alana Cordeiro', NULL, NULL,
 NULL, 'Parceria em Análise', NULL);
INSERT INTO "Associates"
 ("Id","Name","Description","Email","Benefit","Situation","AssociateImagemUrl") VALUES
 (214, 'Leila Rocha Pilates', NULL, NULL,
 NULL, 'Primeiro Contato', NULL);
INSERT INTO "Associates"
 ("Id","Name","Description","Email","Benefit","Situation","AssociateImagemUrl") VALUES
 (215, 'Centro de Treinamento Especializado', NULL, NULL,
 NULL, 'Primeiro Contato', NULL);
INSERT INTO "Associates"
 ("Id","Name","Description","Email","Benefit","Situation","AssociateImagemUrl") VALUES
 (216, 'Studio de Pilates Nara Nascimento', NULL, NULL,
 NULL, 'Primeiro Contato', NULL);
INSERT INTO "Associates"
 ("Id","Name","Description","Email","Benefit","Situation","AssociateImagemUrl") VALUES
 (217, 'Studio Pilates Viver em Equilíbrio', NULL, NULL,
 NULL, 'Primeiro Contato', NULL);
INSERT INTO "Associates"
 ("Id","Name","Description","Email","Benefit","Situation","AssociateImagemUrl") VALUES
 (218, 'Clínica FisioTrate', NULL, NULL,
 NULL, 'Primeiro Contato', NULL);
INSERT INTO "Associates"
 ("Id","Name","Description","Email","Benefit","Situation","AssociateImagemUrl") VALUES
 (219, 'Evoar - Reabilitação Cardiopulmonar e Performance', NULL, NULL,
 NULL, 'Parceria Rejeitada', NULL);
INSERT INTO "Associates"
 ("Id","Name","Description","Email","Benefit","Situation","AssociateImagemUrl") VALUES
 (220, 'Centro Médico Fisioteravida', NULL, NULL,
 NULL, 'Selecione uma opção a seguir', NULL);
INSERT INTO "Associates"
 ("Id","Name","Description","Email","Benefit","Situation","AssociateImagemUrl") VALUES
 (221, 'Dr. Edney Barbosa - Fisioterapeuta e Quiropraxia Maceió', NULL, NULL,
 NULL, 'Primeiro Contato', NULL);
INSERT INTO "Associates"
 ("Id","Name","Description","Email","Benefit","Situation","AssociateImagemUrl") VALUES
 (222, 'Bettas Cursos e Investimentos', NULL, 'contato@bettascursos.com.br',
 '20% de deconto em todos os produtos do Bettas Cursos', 'Aguardando assinatura do contrato', NULL);
INSERT INTO "Associates"
 ("Id","Name","Description","Email","Benefit","Situation","AssociateImagemUrl") VALUES
 (223, 'Alysson Nobre Personal', NULL, NULL,
 'Novos valores diferenciados:
Ergoespirometria - De R$ 350,00 por R$ 300,00;
Calorimetria indireta - De R$ 250,00 por R$ 200,00
Bioimpedancia de 4ª geração - De R$ 200,00 por R$ 150,00
Nos planos de Assessoria (10% off com testes de bioimpedância incluindo):
- Assessoria esportiva planos trimestral - De R$ 700,00 por R$ 630,00 
- Assessoria esportiva planos semestral - De R$ 1.200,00 por R$ 1.080,00
- Assessoria esportiva planos trimestral - De R$ 1.500,00 por R$ 1.350,00]', 'Parceria Concluída e Publicada', NULL);
INSERT INTO "Associates"
 ("Id","Name","Description","Email","Benefit","Situation","AssociateImagemUrl") VALUES
 (224, 'Louge VIP Turismo', NULL, NULL,
 NULL, 'Primeiro Contato', NULL);
INSERT INTO "Associates"
 ("Id","Name","Description","Email","Benefit","Situation","AssociateImagemUrl") VALUES
 (225, 'Verdi Seguros', NULL, NULL,
 NULL, 'Primeiro Contato', NULL);
INSERT INTO "Associates"
 ("Id","Name","Description","Email","Benefit","Situation","AssociateImagemUrl") VALUES
 (226, 'Estação Cross MCZ', NULL, NULL,
 'Até 15% de desconto em qualquer produto da Loja', 'Aguardando assinatura do contrato', NULL);
INSERT INTO "Associates"
 ("Id","Name","Description","Email","Benefit","Situation","AssociateImagemUrl") VALUES
 (227, 'Assertiva Soluções Contábeis', NULL, 'contato@assertivasc.com.br',
 '30% de desconto no IRPF (Pessoa Física) e Abertura de empresa grátis e 20% de desconto nos honorários contábeis  para PJs.', 'Parceria Concluída e Publicada', NULL);
INSERT INTO "Associates"
 ("Id","Name","Description","Email","Benefit","Situation","AssociateImagemUrl") VALUES
 (228, 'Grupo Redes e Saberes', NULL, 'adm@gruporedesesaberes.com.br',
 'Inclusão de 3 a 5 análises de perfil comportamental DISC gratuitamente na contratação de soluções Redes e Saberes, com relatórios completos  e sugestões de plano de ação para desenvolvimento pessoal. Pode ser disponibilizada a líderes ou colaboradores.', 'Parceria Concluída e Publicada', NULL);
INSERT INTO "Associates"
 ("Id","Name","Description","Email","Benefit","Situation","AssociateImagemUrl") VALUES
 (229, 'Audaz Consultoria', NULL, NULL,
 '15% nos descontos dos serviços de consultoria', 'Contrato em Andamento', NULL);
INSERT INTO "Associates"
 ("Id","Name","Description","Email","Benefit","Situation","AssociateImagemUrl") VALUES
 (230, 'Curso Sthephano Sousa', NULL, NULL,
 NULL, 'Parceria em Análise', NULL);
INSERT INTO "Associates"
 ("Id","Name","Description","Email","Benefit","Situation","AssociateImagemUrl") VALUES
 (231, 'LA Engenharia', NULL, NULL,
 NULL, 'Parceria em Análise', NULL);
INSERT INTO "Associates"
 ("Id","Name","Description","Email","Benefit","Situation","AssociateImagemUrl") VALUES
 (232, 'Up Club', NULL, NULL,
 NULL, 'Contrato em Andamento', NULL);
INSERT INTO "Associates"
 ("Id","Name","Description","Email","Benefit","Situation","AssociateImagemUrl") VALUES
 (233, 'Loanne Los Estética', NULL, NULL,
 NULL, 'Contrato em Andamento', NULL);
INSERT INTO "Associates"
 ("Id","Name","Description","Email","Benefit","Situation","AssociateImagemUrl") VALUES
 (234, 'Arena Lyra', NULL, NULL,
 NULL, 'Primeiro Contato', NULL);
INSERT INTO "Associates"
 ("Id","Name","Description","Email","Benefit","Situation","AssociateImagemUrl") VALUES
 (235, 'Panificação Jatiúca', NULL, NULL,
 NULL, 'Primeiro Contato', NULL);
INSERT INTO "Associates"
 ("Id","Name","Description","Email","Benefit","Situation","AssociateImagemUrl") VALUES
 (236, 'Jaraguá Tenis Club', NULL, NULL,
 NULL, 'Selecione uma opção a seguir', NULL);
INSERT INTO "Associates"
 ("Id","Name","Description","Email","Benefit","Situation","AssociateImagemUrl") VALUES
 (237, 'Empório da Química', NULL, NULL,
 NULL, 'Selecione uma opção a seguir', NULL);
INSERT INTO "Associates"
 ("Id","Name","Description","Email","Benefit","Situation","AssociateImagemUrl") VALUES
 (238, 'Posto Tigre Shell', NULL, NULL,
 NULL, 'Selecione uma opção a seguir', NULL);
INSERT INTO "Associates"
 ("Id","Name","Description","Email","Benefit","Situation","AssociateImagemUrl") VALUES
 (239, 'Martelinho de Ouro (1)', NULL, NULL,
 NULL, 'Parceria em Análise', NULL);
INSERT INTO "Associates"
 ("Id","Name","Description","Email","Benefit","Situation","AssociateImagemUrl") VALUES
 (240, 'Kekel Pizza', NULL, NULL,
 NULL, 'Primeiro Contato', NULL);
INSERT INTO "Associates"
 ("Id","Name","Description","Email","Benefit","Situation","AssociateImagemUrl") VALUES
 (241, 'FisioPalm', NULL, NULL,
 NULL, 'Parceria Concluída e Publicada', NULL);
INSERT INTO "Associates"
 ("Id","Name","Description","Email","Benefit","Situation","AssociateImagemUrl") VALUES
 (242, 'LegalSelling', NULL, NULL,
 '10% de desconto nos 3 planos de implementação da metodologia', 'Parceria Concluída e Publicada', NULL);
INSERT INTO "Associates"
 ("Id","Name","Description","Email","Benefit","Situation","AssociateImagemUrl") VALUES
 (243, 'Restaurante Potiguar', NULL, NULL,
 NULL, 'Parceria Rejeitada', NULL);
INSERT INTO "Associates"
 ("Id","Name","Description","Email","Benefit","Situation","AssociateImagemUrl") VALUES
 (244, 'RR Lanches (Na Rua)', NULL, NULL,
 NULL, 'Parceria em Análise', NULL);
INSERT INTO "Associates"
 ("Id","Name","Description","Email","Benefit","Situation","AssociateImagemUrl") VALUES
 (245, 'No Espeto (Na Rua)', NULL, NULL,
 NULL, 'Parceria em Análise', NULL);
INSERT INTO "Associates"
 ("Id","Name","Description","Email","Benefit","Situation","AssociateImagemUrl") VALUES
 (246, 'Grupo Illa', NULL, NULL,
 NULL, 'Parceria em Análise', NULL);
INSERT INTO "Associates"
 ("Id","Name","Description","Email","Benefit","Situation","AssociateImagemUrl") VALUES
 (247, 'Old House Pizzaria', NULL, NULL,
 NULL, 'Parceria em Análise', NULL);
INSERT INTO "Associates"
 ("Id","Name","Description","Email","Benefit","Situation","AssociateImagemUrl") VALUES
 (248, 'Maria Coxinha', NULL, NULL,
 NULL, 'Parceria em Análise', NULL);
INSERT INTO "Associates"
 ("Id","Name","Description","Email","Benefit","Situation","AssociateImagemUrl") VALUES
 (249, 'Café Regional (Na Rua)', NULL, NULL,
 NULL, 'Parceria em Análise', NULL);
INSERT INTO "Associates"
 ("Id","Name","Description","Email","Benefit","Situation","AssociateImagemUrl") VALUES
 (250, 'Sucrepe (Na Rua)', NULL, NULL,
 NULL, 'Parceria Rejeitada', NULL);
INSERT INTO "Associates"
 ("Id","Name","Description","Email","Benefit","Situation","AssociateImagemUrl") VALUES
 (251, 'Sarah Make & Hair - Boulevard', NULL, NULL,
 NULL, 'Contrato em Andamento', NULL);
INSERT INTO "Associates"
 ("Id","Name","Description","Email","Benefit","Situation","AssociateImagemUrl") VALUES
 (252, 'Prof. Carlos Conce', NULL, NULL,
 NULL, 'Parceria Rejeitada', NULL);
INSERT INTO "Associates"
 ("Id","Name","Description","Email","Benefit","Situation","AssociateImagemUrl") VALUES
 (253, 'Fernando Peron', NULL, NULL,
 NULL, 'Primeiro Contato', NULL);
INSERT INTO "Associates"
 ("Id","Name","Description","Email","Benefit","Situation","AssociateImagemUrl") VALUES
 (254, 'Alberto Antunes', NULL, NULL,
 NULL, 'Parceria Rejeitada', NULL);
INSERT INTO "Associates"
 ("Id","Name","Description","Email","Benefit","Situation","AssociateImagemUrl") VALUES
 (255, 'David anderson Personal', NULL, NULL,
 NULL, 'Parceria Rejeitada', NULL);
INSERT INTO "Associates"
 ("Id","Name","Description","Email","Benefit","Situation","AssociateImagemUrl") VALUES
 (256, 'Unicesumar', NULL, NULL,
 NULL, 'Parceria em Análise', NULL);
INSERT INTO "Associates"
 ("Id","Name","Description","Email","Benefit","Situation","AssociateImagemUrl") VALUES
 (257, 'Sup Do Gaúcho', NULL, NULL,
 NULL, 'Parceria Rejeitada', NULL);
INSERT INTO "Associates"
 ("Id","Name","Description","Email","Benefit","Situation","AssociateImagemUrl") VALUES
 (258, 'MegaBox', NULL, NULL,
 NULL, 'Selecione uma opção a seguir', NULL);
INSERT INTO "Associates"
 ("Id","Name","Description","Email","Benefit","Situation","AssociateImagemUrl") VALUES
 (259, 'Hamburguer do Mario', NULL, NULL,
 NULL, 'Contrato em Andamento', NULL);
INSERT INTO "Associates"
 ("Id","Name","Description","Email","Benefit","Situation","AssociateImagemUrl") VALUES
 (260, 'HG Studio Pilates', NULL, NULL,
 '20% nos serviços oferecidos pelo Studio', 'Parceria Concluída e Publicada', NULL);
INSERT INTO "Associates"
 ("Id","Name","Description","Email","Benefit","Situation","AssociateImagemUrl") VALUES
 (261, 'Victorya Nails', NULL, NULL,
 NULL, 'Parceria Rejeitada', NULL);
INSERT INTO "Associates"
 ("Id","Name","Description","Email","Benefit","Situation","AssociateImagemUrl") VALUES
 (262, 'Grace Camilo Nutricionista', NULL, NULL,
 NULL, 'Primeiro Contato', NULL);
INSERT INTO "Associates"
 ("Id","Name","Description","Email","Benefit","Situation","AssociateImagemUrl") VALUES
 (263, 'Mayara Francisca Projetos', NULL, NULL,
 '30% de desconto na aquisição de qualquer ambiente planejado (móveis planejados)', 'Parceria Concluída e Publicada', NULL);
INSERT INTO "Associates"
 ("Id","Name","Description","Email","Benefit","Situation","AssociateImagemUrl") VALUES
 (264, 'Emi Design', NULL, NULL,
 'Na aquisição de um projeto de Design de Interiores você ganha 50% de desconto no segundo projeto.', 'Parceria Concluída e Publicada', NULL);
INSERT INTO "Associates"
 ("Id","Name","Description","Email","Benefit","Situation","AssociateImagemUrl") VALUES
 (265, 'Só Reparos', NULL, NULL,
 NULL, 'Parceria Rejeitada', NULL);
INSERT INTO "Associates"
 ("Id","Name","Description","Email","Benefit","Situation","AssociateImagemUrl") VALUES
 (266, 'Auto Machine', NULL, NULL,
 NULL, 'Contrato em Andamento', NULL);
INSERT INTO "Associates"
 ("Id","Name","Description","Email","Benefit","Situation","AssociateImagemUrl") VALUES
 (267, 'MM Madeiras', NULL, NULL,
 NULL, 'Primeiro Contato', NULL);
INSERT INTO "Associates"
 ("Id","Name","Description","Email","Benefit","Situation","AssociateImagemUrl") VALUES
 (268, 'Empresarial Locação (Vizinho ao Santissima Trindade)', NULL, NULL,
 NULL, 'Primeiro Contato', NULL);
INSERT INTO "Associates"
 ("Id","Name","Description","Email","Benefit","Situation","AssociateImagemUrl") VALUES
 (269, 'Veletrica Materiais', NULL, NULL,
 NULL, 'Primeiro Contato', NULL);
INSERT INTO "Associates"
 ("Id","Name","Description","Email","Benefit","Situation","AssociateImagemUrl") VALUES
 (270, 'Inove Estética', NULL, NULL,
 NULL, 'Parceria Rejeitada', NULL);
INSERT INTO "Associates"
 ("Id","Name","Description","Email","Benefit","Situation","AssociateImagemUrl") VALUES
 (271, 'Amadeus Madeiras', NULL, NULL,
 NULL, 'Parceria em Análise', NULL);
INSERT INTO "Associates"
 ("Id","Name","Description","Email","Benefit","Situation","AssociateImagemUrl") VALUES
 (272, 'P. Luiz Vem Historiar', NULL, NULL,
 NULL, 'Parceria em Análise', NULL);
INSERT INTO "Associates"
 ("Id","Name","Description","Email","Benefit","Situation","AssociateImagemUrl") VALUES
 (273, 'P. Ricardo Isolada Geografia', NULL, NULL,
 NULL, 'Parceria Rejeitada', NULL);
INSERT INTO "Associates"
 ("Id","Name","Description","Email","Benefit","Situation","AssociateImagemUrl") VALUES
 (274, 'CodeMinds', NULL, NULL,
 NULL, 'Parceria Concluída e Publicada', NULL);
INSERT INTO "Associates"
 ("Id","Name","Description","Email","Benefit","Situation","AssociateImagemUrl") VALUES
 (275, 'Budo - Escola de Artes Marciais', NULL, NULL,
 NULL, 'Parceria em Análise', NULL);
INSERT INTO "Associates"
 ("Id","Name","Description","Email","Benefit","Situation","AssociateImagemUrl") VALUES
 (276, 'G1 - Centro de treinamento Muay Thai', NULL, NULL,
 NULL, 'Parceria Rejeitada', NULL);
INSERT INTO "Associates"
 ("Id","Name","Description","Email","Benefit","Situation","AssociateImagemUrl") VALUES
 (277, 'DoKyokushinkai - Karate', NULL, NULL,
 NULL, 'Primeiro Contato', NULL);
INSERT INTO "Associates"
 ("Id","Name","Description","Email","Benefit","Situation","AssociateImagemUrl") VALUES
 (278, 'Kung Fu XiaoBu', NULL, NULL,
 NULL, 'Primeiro Contato', NULL);
INSERT INTO "Associates"
 ("Id","Name","Description","Email","Benefit","Situation","AssociateImagemUrl") VALUES
 (279, 'Kimura Jiu Jitsu', NULL, NULL,
 NULL, 'Primeiro Contato', NULL);
INSERT INTO "Associates"
 ("Id","Name","Description","Email","Benefit","Situation","AssociateImagemUrl") VALUES
 (280, '‎Mcz Fight Club', NULL, NULL,
 NULL, 'Primeiro Contato', NULL);
INSERT INTO "Associates"
 ("Id","Name","Description","Email","Benefit","Situation","AssociateImagemUrl") VALUES
 (281, 'Gracie Barra', NULL, NULL,
 NULL, 'Primeiro Contato', NULL);
INSERT INTO "Associates"
 ("Id","Name","Description","Email","Benefit","Situation","AssociateImagemUrl") VALUES
 (282, 'Dakaru', NULL, NULL,
 NULL, 'Primeiro Contato', NULL);
INSERT INTO "Associates"
 ("Id","Name","Description","Email","Benefit","Situation","AssociateImagemUrl") VALUES
 (283, 'Miyajima Club  Karate Shotokan', NULL, NULL,
 NULL, 'Parceria Rejeitada', NULL);
INSERT INTO "Associates"
 ("Id","Name","Description","Email","Benefit","Situation","AssociateImagemUrl") VALUES
 (284, 'Panetutti Maceio', NULL, NULL,
 NULL, 'Parceria Rejeitada', NULL);
INSERT INTO "Associates"
 ("Id","Name","Description","Email","Benefit","Situation","AssociateImagemUrl") VALUES
 (285, 'Máxima Performance', NULL, NULL,
 NULL, 'Primeiro Contato', NULL);
INSERT INTO "Associates"
 ("Id","Name","Description","Email","Benefit","Situation","AssociateImagemUrl") VALUES
 (286, 'Wing Tsun Defesa Pessoal', NULL, NULL,
 NULL, 'Parceria em Análise', NULL);
INSERT INTO "Associates"
 ("Id","Name","Description","Email","Benefit","Situation","AssociateImagemUrl") VALUES
 (287, 'Bukan Dojo', NULL, NULL,
 NULL, 'Parceria em Análise', NULL);
INSERT INTO "Associates"
 ("Id","Name","Description","Email","Benefit","Situation","AssociateImagemUrl") VALUES
 (288, 'Budokan Escola de Artes Marciais', NULL, NULL,
 NULL, 'Parceria Rejeitada', NULL);
INSERT INTO "Associates"
 ("Id","Name","Description","Email","Benefit","Situation","AssociateImagemUrl") VALUES
 (289, 'Octógono fight', NULL, NULL,
 NULL, 'Parceria em Análise', NULL);
INSERT INTO "Associates"
 ("Id","Name","Description","Email","Benefit","Situation","AssociateImagemUrl") VALUES
 (290, 'Associação Marciiais Kumiai-Ryu', NULL, NULL,
 NULL, 'Primeiro Contato', NULL);
INSERT INTO "Associates"
 ("Id","Name","Description","Email","Benefit","Situation","AssociateImagemUrl") VALUES
 (291, 'Dojô kiritsu', NULL, NULL,
 NULL, 'Parceria Rejeitada', NULL);
INSERT INTO "Associates"
 ("Id","Name","Description","Email","Benefit","Situation","AssociateImagemUrl") VALUES
 (292, 'Candido Clube do Judo', NULL, NULL,
 NULL, 'Primeiro Contato', NULL);
INSERT INTO "Associates"
 ("Id","Name","Description","Email","Benefit","Situation","AssociateImagemUrl") VALUES
 (293, 'Shizentai Dojo', NULL, NULL,
 NULL, 'Primeiro Contato', NULL);
INSERT INTO "Associates"
 ("Id","Name","Description","Email","Benefit","Situation","AssociateImagemUrl") VALUES
 (294, 'Furia Fight', NULL, NULL,
 NULL, 'Primeiro Contato', NULL);
INSERT INTO "Associates"
 ("Id","Name","Description","Email","Benefit","Situation","AssociateImagemUrl") VALUES
 (295, 'Adrian Ferro', NULL, NULL,
 NULL, 'Parceria Concluída e Publicada', NULL);
INSERT INTO "Associates"
 ("Id","Name","Description","Email","Benefit","Situation","AssociateImagemUrl") VALUES
 (296, 'Pegue e Monte Premium', NULL, NULL,
 NULL, 'Parceria Concluída e Publicada', NULL);
INSERT INTO "Associates"
 ("Id","Name","Description","Email","Benefit","Situation","AssociateImagemUrl") VALUES
 (297, 'Martelinho de Ouro Prime', NULL, NULL,
 NULL, 'Primeiro Contato', NULL);
INSERT INTO "Associates"
 ("Id","Name","Description","Email","Benefit","Situation","AssociateImagemUrl") VALUES
 (298, 'Igor Delivery car martelinho', NULL, NULL,
 NULL, 'Primeiro Contato', NULL);
INSERT INTO "Associates"
 ("Id","Name","Description","Email","Benefit","Situation","AssociateImagemUrl") VALUES
 (299, 'Jonathan Martelinho de Ouro', NULL, NULL,
 NULL, 'Primeiro Contato', NULL);
INSERT INTO "Associates"
 ("Id","Name","Description","Email","Benefit","Situation","AssociateImagemUrl") VALUES
 (300, 'Martelinho de Ouro (2)', NULL, NULL,
 NULL, 'Primeiro Contato', NULL);
INSERT INTO "AssociateOperations" ("AssociateId","OperationId") VALUES (201,22);
INSERT INTO "AssociateOperations" ("AssociateId","OperationId") VALUES (202,24);
INSERT INTO "AssociateOperations" ("AssociateId","OperationId") VALUES (203,24);
INSERT INTO "AssociateOperations" ("AssociateId","OperationId") VALUES (204,24);
INSERT INTO "AssociateOperations" ("AssociateId","OperationId") VALUES (205,24);
INSERT INTO "AssociateOperations" ("AssociateId","OperationId") VALUES (206,24);
INSERT INTO "AssociateOperations" ("AssociateId","OperationId") VALUES (207,24);
INSERT INTO "AssociateOperations" ("AssociateId","OperationId") VALUES (208,24);
INSERT INTO "AssociateOperations" ("AssociateId","OperationId") VALUES (209,24);
INSERT INTO "AssociateOperations" ("AssociateId","OperationId") VALUES (210,24);
INSERT INTO "AssociateOperations" ("AssociateId","OperationId") VALUES (211,24);
INSERT INTO "AssociateOperations" ("AssociateId","OperationId") VALUES (212,24);
INSERT INTO "AssociateOperations" ("AssociateId","OperationId") VALUES (213,24);
INSERT INTO "AssociateOperations" ("AssociateId","OperationId") VALUES (214,24);
INSERT INTO "AssociateOperations" ("AssociateId","OperationId") VALUES (215,24);
INSERT INTO "AssociateOperations" ("AssociateId","OperationId") VALUES (216,24);
INSERT INTO "AssociateOperations" ("AssociateId","OperationId") VALUES (217,24);
INSERT INTO "AssociateOperations" ("AssociateId","OperationId") VALUES (218,24);
INSERT INTO "AssociateOperations" ("AssociateId","OperationId") VALUES (219,24);
INSERT INTO "AssociateOperations" ("AssociateId","OperationId") VALUES (220,24);
INSERT INTO "AssociateOperations" ("AssociateId","OperationId") VALUES (221,24);
INSERT INTO "AssociateOperations" ("AssociateId","OperationId") VALUES (222,22);
INSERT INTO "AssociateOperations" ("AssociateId","OperationId") VALUES (223,46);
INSERT INTO "AssociateOperations" ("AssociateId","OperationId") VALUES (224,20);
INSERT INTO "AssociateOperations" ("AssociateId","OperationId") VALUES (225,47);
INSERT INTO "AssociateOperations" ("AssociateId","OperationId") VALUES (226,44);
INSERT INTO "AssociateOperations" ("AssociateId","OperationId") VALUES (227,14);
INSERT INTO "AssociateOperations" ("AssociateId","OperationId") VALUES (228,13);
INSERT INTO "AssociateOperations" ("AssociateId","OperationId") VALUES (229,13);
INSERT INTO "AssociateOperations" ("AssociateId","OperationId") VALUES (230,22);
INSERT INTO "AssociateOperations" ("AssociateId","OperationId") VALUES (231,12);
INSERT INTO "AssociateOperations" ("AssociateId","OperationId") VALUES (232,13);
INSERT INTO "AssociateOperations" ("AssociateId","OperationId") VALUES (233,46);
INSERT INTO "AssociateOperations" ("AssociateId","OperationId") VALUES (234,9);
INSERT INTO "AssociateOperations" ("AssociateId","OperationId") VALUES (235,34);
INSERT INTO "AssociateOperations" ("AssociateId","OperationId") VALUES (236,9);
INSERT INTO "AssociateOperations" ("AssociateId","OperationId") VALUES (237,40);
INSERT INTO "AssociateOperations" ("AssociateId","OperationId") VALUES (238,39);
INSERT INTO "AssociateOperations" ("AssociateId","OperationId") VALUES (239,33);
INSERT INTO "AssociateOperations" ("AssociateId","OperationId") VALUES (240,43);
INSERT INTO "AssociateOperations" ("AssociateId","OperationId") VALUES (241,24);
INSERT INTO "AssociateOperations" ("AssociateId","OperationId") VALUES (242,18);
INSERT INTO "AssociateOperations" ("AssociateId","OperationId") VALUES (243,43);
INSERT INTO "AssociateOperations" ("AssociateId","OperationId") VALUES (244,43);
INSERT INTO "AssociateOperations" ("AssociateId","OperationId") VALUES (245,43);
INSERT INTO "AssociateOperations" ("AssociateId","OperationId") VALUES (246,43);
INSERT INTO "AssociateOperations" ("AssociateId","OperationId") VALUES (247,43);
INSERT INTO "AssociateOperations" ("AssociateId","OperationId") VALUES (248,43);
INSERT INTO "AssociateOperations" ("AssociateId","OperationId") VALUES (249,43);
INSERT INTO "AssociateOperations" ("AssociateId","OperationId") VALUES (250,43);
INSERT INTO "AssociateOperations" ("AssociateId","OperationId") VALUES (251,46);
INSERT INTO "AssociateOperations" ("AssociateId","OperationId") VALUES (252,22);
INSERT INTO "AssociateOperations" ("AssociateId","OperationId") VALUES (253,43);
INSERT INTO "AssociateOperations" ("AssociateId","OperationId") VALUES (254,13);
INSERT INTO "AssociateOperations" ("AssociateId","OperationId") VALUES (255,46);
INSERT INTO "AssociateOperations" ("AssociateId","OperationId") VALUES (256,22);
INSERT INTO "AssociateOperations" ("AssociateId","OperationId") VALUES (257,46);
INSERT INTO "AssociateOperations" ("AssociateId","OperationId") VALUES (258,21);
INSERT INTO "AssociateOperations" ("AssociateId","OperationId") VALUES (259,43);
INSERT INTO "AssociateOperations" ("AssociateId","OperationId") VALUES (260,24);
INSERT INTO "AssociateOperations" ("AssociateId","OperationId") VALUES (261,46);
INSERT INTO "AssociateOperations" ("AssociateId","OperationId") VALUES (262,46);
INSERT INTO "AssociateOperations" ("AssociateId","OperationId") VALUES (263,21);
INSERT INTO "AssociateOperations" ("AssociateId","OperationId") VALUES (264,21);
INSERT INTO "AssociateOperations" ("AssociateId","OperationId") VALUES (265,21);
INSERT INTO "AssociateOperations" ("AssociateId","OperationId") VALUES (266,33);
INSERT INTO "AssociateOperations" ("AssociateId","OperationId") VALUES (267,21);
INSERT INTO "AssociateOperations" ("AssociateId","OperationId") VALUES (268,16);
INSERT INTO "AssociateOperations" ("AssociateId","OperationId") VALUES (269,21);
INSERT INTO "AssociateOperations" ("AssociateId","OperationId") VALUES (270,33);
INSERT INTO "AssociateOperations" ("AssociateId","OperationId") VALUES (271,21);
INSERT INTO "AssociateOperations" ("AssociateId","OperationId") VALUES (272,22);
INSERT INTO "AssociateOperations" ("AssociateId","OperationId") VALUES (273,22);
INSERT INTO "AssociateOperations" ("AssociateId","OperationId") VALUES (274,22);
INSERT INTO "AssociateOperations" ("AssociateId","OperationId") VALUES (275,22);
INSERT INTO "AssociateOperations" ("AssociateId","OperationId") VALUES (276,22);
INSERT INTO "AssociateOperations" ("AssociateId","OperationId") VALUES (277,22);
INSERT INTO "AssociateOperations" ("AssociateId","OperationId") VALUES (278,22);
INSERT INTO "AssociateOperations" ("AssociateId","OperationId") VALUES (279,22);
INSERT INTO "AssociateOperations" ("AssociateId","OperationId") VALUES (280,22);
INSERT INTO "AssociateOperations" ("AssociateId","OperationId") VALUES (281,22);
INSERT INTO "AssociateOperations" ("AssociateId","OperationId") VALUES (282,22);
INSERT INTO "AssociateOperations" ("AssociateId","OperationId") VALUES (283,22);
INSERT INTO "AssociateOperations" ("AssociateId","OperationId") VALUES (284,34);
INSERT INTO "AssociateOperations" ("AssociateId","OperationId") VALUES (285,22);
INSERT INTO "AssociateOperations" ("AssociateId","OperationId") VALUES (286,22);
INSERT INTO "AssociateOperations" ("AssociateId","OperationId") VALUES (287,22);
INSERT INTO "AssociateOperations" ("AssociateId","OperationId") VALUES (288,22);
INSERT INTO "AssociateOperations" ("AssociateId","OperationId") VALUES (289,22);
INSERT INTO "AssociateOperations" ("AssociateId","OperationId") VALUES (290,22);
INSERT INTO "AssociateOperations" ("AssociateId","OperationId") VALUES (291,22);
INSERT INTO "AssociateOperations" ("AssociateId","OperationId") VALUES (292,22);
INSERT INTO "AssociateOperations" ("AssociateId","OperationId") VALUES (293,22);
INSERT INTO "AssociateOperations" ("AssociateId","OperationId") VALUES (294,22);
INSERT INTO "AssociateOperations" ("AssociateId","OperationId") VALUES (295,24);
INSERT INTO "AssociateOperations" ("AssociateId","OperationId") VALUES (296,17);
INSERT INTO "AssociateOperations" ("AssociateId","OperationId") VALUES (297,33);
INSERT INTO "AssociateOperations" ("AssociateId","OperationId") VALUES (298,33);
INSERT INTO "AssociateOperations" ("AssociateId","OperationId") VALUES (299,33);
INSERT INTO "AssociateOperations" ("AssociateId","OperationId") VALUES (300,33);

INSERT INTO "Associates"
 ("Id","Name","Description","Email","Benefit","Situation","AssociateImagemUrl") VALUES
 (301, 'Alagoana Pintura Automotiva', NULL, NULL,
 NULL, 'Primeiro Contato', NULL);
INSERT INTO "Associates"
 ("Id","Name","Description","Email","Benefit","Situation","AssociateImagemUrl") VALUES
 (302, 'Auto Moderna Funilaria e Pintura', NULL, NULL,
 NULL, 'Primeiro Contato', NULL);
INSERT INTO "Associates"
 ("Id","Name","Description","Email","Benefit","Situation","AssociateImagemUrl") VALUES
 (303, 'Martelinho de Ouro Eduardo', NULL, NULL,
 NULL, 'Primeiro Contato', NULL);
INSERT INTO "Associates"
 ("Id","Name","Description","Email","Benefit","Situation","AssociateImagemUrl") VALUES
 (304, 'Martelinho de Ouro (3)', NULL, NULL,
 NULL, 'Primeiro Contato', NULL);
INSERT INTO "Associates"
 ("Id","Name","Description","Email","Benefit","Situation","AssociateImagemUrl") VALUES
 (305, 'SpecialCar - Recuperação e Pintura Automotiva', NULL, NULL,
 NULL, 'Primeiro Contato', NULL);
INSERT INTO "Associates"
 ("Id","Name","Description","Email","Benefit","Situation","AssociateImagemUrl") VALUES
 (306, 'Fume ,martelinho de ouro', NULL, NULL,
 NULL, 'Parceria em Análise', NULL);
INSERT INTO "Associates"
 ("Id","Name","Description","Email","Benefit","Situation","AssociateImagemUrl") VALUES
 (307, 'LEANDRO AUTO SERVICE', NULL, NULL,
 NULL, 'Primeiro Contato', NULL);
INSERT INTO "Associates"
 ("Id","Name","Description","Email","Benefit","Situation","AssociateImagemUrl") VALUES
 (308, 'Tiago martelinho', NULL, NULL,
 NULL, 'Primeiro Contato', NULL);
INSERT INTO "Associates"
 ("Id","Name","Description","Email","Benefit","Situation","AssociateImagemUrl") VALUES
 (309, 'Oficina J. Lailto', NULL, NULL,
 NULL, 'Primeiro Contato', NULL);
INSERT INTO "Associates"
 ("Id","Name","Description","Email","Benefit","Situation","AssociateImagemUrl") VALUES
 (310, 'Siga Bijoux', NULL, NULL,
 NULL, 'Parceria Rejeitada', NULL);
INSERT INTO "Associates"
 ("Id","Name","Description","Email","Benefit","Situation","AssociateImagemUrl") VALUES
 (311, 'Central da Molduras', NULL, NULL,
 NULL, 'Parceria em Análise', NULL);
INSERT INTO "Associates"
 ("Id","Name","Description","Email","Benefit","Situation","AssociateImagemUrl") VALUES
 (312, 'Vitrine Plus Size', NULL, NULL,
 NULL, 'Parceria em Análise', NULL);
INSERT INTO "Associates"
 ("Id","Name","Description","Email","Benefit","Situation","AssociateImagemUrl") VALUES
 (313, 'Livraria Globo Papelaria', NULL, NULL,
 NULL, 'Primeiro Contato', NULL);
INSERT INTO "Associates"
 ("Id","Name","Description","Email","Benefit","Situation","AssociateImagemUrl") VALUES
 (314, 'Feminine Acessórios', NULL, NULL,
 NULL, 'Parceria Rejeitada', NULL);
INSERT INTO "Associates"
 ("Id","Name","Description","Email","Benefit","Situation","AssociateImagemUrl") VALUES
 (315, 'Buda Makeup e Acessórios', NULL, NULL,
 NULL, 'Primeiro Contato', NULL);
INSERT INTO "Associates"
 ("Id","Name","Description","Email","Benefit","Situation","AssociateImagemUrl") VALUES
 (316, 'Londres Jóias & Variedades', NULL, NULL,
 NULL, 'Primeiro Contato', NULL);
INSERT INTO "Associates"
 ("Id","Name","Description","Email","Benefit","Situation","AssociateImagemUrl") VALUES
 (317, 'Loja do Sono', NULL, NULL,
 NULL, 'Contrato em Andamento', NULL);
INSERT INTO "Associates"
 ("Id","Name","Description","Email","Benefit","Situation","AssociateImagemUrl") VALUES
 (318, 'Markas Surf Shop', NULL, NULL,
 NULL, 'Contrato em Andamento', NULL);
INSERT INTO "Associates"
 ("Id","Name","Description","Email","Benefit","Situation","AssociateImagemUrl") VALUES
 (319, 'INCOREL', NULL, 'POSSÍVEL PARCERIA PARA SER CLIENTE',
 NULL, 'Parceria Rejeitada', NULL);
INSERT INTO "Associates"
 ("Id","Name","Description","Email","Benefit","Situation","AssociateImagemUrl") VALUES
 (320, 'Palácio do Bebê', NULL, NULL,
 NULL, 'Primeiro Contato', NULL);
INSERT INTO "Associates"
 ("Id","Name","Description","Email","Benefit","Situation","AssociateImagemUrl") VALUES
 (321, 'Pata Leve', NULL, NULL,
 NULL, 'Primeiro Contato', NULL);
INSERT INTO "Associates"
 ("Id","Name","Description","Email","Benefit","Situation","AssociateImagemUrl") VALUES
 (322, 'Inluxe', NULL, NULL,
 NULL, 'Parceria Rejeitada', NULL);
INSERT INTO "Associates"
 ("Id","Name","Description","Email","Benefit","Situation","AssociateImagemUrl") VALUES
 (323, 'Mundo do Celular', NULL, NULL,
 NULL, 'Parceria em Análise', NULL);
INSERT INTO "Associates"
 ("Id","Name","Description","Email","Benefit","Situation","AssociateImagemUrl") VALUES
 (324, 'Tecplus Assitência de Informática', NULL, NULL,
 NULL, 'Primeiro Contato', NULL);
INSERT INTO "Associates"
 ("Id","Name","Description","Email","Benefit","Situation","AssociateImagemUrl") VALUES
 (325, 'Danielle Moda Fitness', NULL, NULL,
 NULL, 'Parceria Rejeitada', NULL);
INSERT INTO "Associates"
 ("Id","Name","Description","Email","Benefit","Situation","AssociateImagemUrl") VALUES
 (326, 'Fogão Colonial', NULL, NULL,
 NULL, 'Primeiro Contato', NULL);
INSERT INTO "Associates"
 ("Id","Name","Description","Email","Benefit","Situation","AssociateImagemUrl") VALUES
 (327, 'YVA Doce', NULL, NULL,
 NULL, 'Parceria Rejeitada', NULL);
INSERT INTO "Associates"
 ("Id","Name","Description","Email","Benefit","Situation","AssociateImagemUrl") VALUES
 (328, 'Star Modas', NULL, NULL,
 NULL, 'Primeiro Contato', NULL);
INSERT INTO "Associates"
 ("Id","Name","Description","Email","Benefit","Situation","AssociateImagemUrl") VALUES
 (329, 'Bolsas de Valor', NULL, NULL,
 NULL, 'Contrato em Andamento', NULL);
INSERT INTO "Associates"
 ("Id","Name","Description","Email","Benefit","Situation","AssociateImagemUrl") VALUES
 (330, 'Graffix', NULL, NULL,
 NULL, 'Parceria em Análise', NULL);
INSERT INTO "Associates"
 ("Id","Name","Description","Email","Benefit","Situation","AssociateImagemUrl") VALUES
 (331, 'Giullya Storymaker', NULL, NULL,
 NULL, 'Selecione uma opção a seguir', NULL);
INSERT INTO "Associates"
 ("Id","Name","Description","Email","Benefit","Situation","AssociateImagemUrl") VALUES
 (332, 'Lutador - Academia Amigo de Adrian', NULL, NULL,
 NULL, 'Primeiro Contato', NULL);
INSERT INTO "Associates"
 ("Id","Name","Description","Email","Benefit","Situation","AssociateImagemUrl") VALUES
 (333, 'Andrezza Brandão Clinica', NULL, NULL,
 'Clínica: 15% em produtos não promocionais  /// Salão: 10% desconto em tratamentos & 5% desconto em químicas. Exceto planos promocionais', 'Parceria Concluída e Publicada', NULL);
INSERT INTO "Associates"
 ("Id","Name","Description","Email","Benefit","Situation","AssociateImagemUrl") VALUES
 (334, 'Andrezza Brandão Empresarial', NULL, NULL,
 'Empresarial Anayah: Aluguéis de salas para profissionais liberais por turno  10% de desconto no primeiro contrato', 'Parceria Concluída e Publicada', NULL);
INSERT INTO "Associates"
 ("Id","Name","Description","Email","Benefit","Situation","AssociateImagemUrl") VALUES
 (335, 'Play Educação', NULL, NULL,
 '40% nas mensalidades da Play', 'Aguardando assinatura do contrato', NULL);
INSERT INTO "Associates"
 ("Id","Name","Description","Email","Benefit","Situation","AssociateImagemUrl") VALUES
 (336, 'Marcus Refrigeração', NULL, NULL,
 NULL, 'Primeiro Contato', NULL);
INSERT INTO "Associates"
 ("Id","Name","Description","Email","Benefit","Situation","AssociateImagemUrl") VALUES
 (337, 'É de Casa Energia Solar', NULL, 'edecasaenergiasolar@gmail.com',
 NULL, 'Aguardando assinatura do contrato', NULL);
INSERT INTO "Associates"
 ("Id","Name","Description","Email","Benefit","Situation","AssociateImagemUrl") VALUES
 (338, 'Nexa Consultoria', NULL, 'rhafaellak@gmail.com',
 '1h de consultoria gratuita sobre captação de recursos', 'Parceria Concluída e Publicada', NULL);
INSERT INTO "Associates"
 ("Id","Name","Description","Email","Benefit","Situation","AssociateImagemUrl") VALUES
 (339, 'Pense Solar', NULL, 'comercialpense.solar@gmail.com',
 '5% de desconto nos produtos/serviços oferecidos pela empresa.', 'Parceria Concluída e Publicada', NULL);
INSERT INTO "Associates"
 ("Id","Name","Description","Email","Benefit","Situation","AssociateImagemUrl") VALUES
 (340, 'ODONTO LOVE', NULL, NULL,
 NULL, 'Parceria em Análise', NULL);
INSERT INTO "Associates"
 ("Id","Name","Description","Email","Benefit","Situation","AssociateImagemUrl") VALUES
 (341, 'G.Silveira e Santos', NULL, 'lannysilver14@gmail.com',
 '20% em produtos e 10% em exame de vista', 'Aguardando assinatura do contrato', NULL);
INSERT INTO "Associates"
 ("Id","Name","Description","Email","Benefit","Situation","AssociateImagemUrl") VALUES
 (342, 'Risen Engenharia', NULL, NULL,
 NULL, 'Parceria Rejeitada', NULL);
INSERT INTO "Associates"
 ("Id","Name","Description","Email","Benefit","Situation","AssociateImagemUrl") VALUES
 (343, 'Odonto Central', NULL, NULL,
 NULL, 'Primeiro Contato', NULL);
INSERT INTO "Associates"
 ("Id","Name","Description","Email","Benefit","Situation","AssociateImagemUrl") VALUES
 (344, 'Francês Sublimação', NULL, NULL,
 NULL, 'Parceria Rejeitada', NULL);
INSERT INTO "Associates"
 ("Id","Name","Description","Email","Benefit","Situation","AssociateImagemUrl") VALUES
 (345, 'Empório Padilha', NULL, NULL,
 NULL, 'Ignorou Contato após sucessivas tentativas', NULL);
INSERT INTO "Associates"
 ("Id","Name","Description","Email","Benefit","Situation","AssociateImagemUrl") VALUES
 (346, 'ProVet Produtos e Serviços AgroPet', NULL, 'provetprodutoseservicosvet@gmail.com',
 '5% de desconto em produtos do pet shop, ou banho e tosa ou serviços veterinários', 'Aguardando assinatura do contrato', NULL);
INSERT INTO "Associates"
 ("Id","Name","Description","Email","Benefit","Situation","AssociateImagemUrl") VALUES
 (347, 'Lavanderia viver bem', NULL, NULL,
 NULL, 'Parceria Rejeitada', NULL);
INSERT INTO "Associates"
 ("Id","Name","Description","Email","Benefit","Situation","AssociateImagemUrl") VALUES
 (348, 'Pousada Recanto do Francês', NULL, 'recantodofran6@gmail.com',
 '10% de desconto em qualquer hospedagem.', 'Aguardando assinatura do contrato', NULL);
INSERT INTO "Associates"
 ("Id","Name","Description","Email","Benefit","Situation","AssociateImagemUrl") VALUES
 (349, 'English For You', NULL, 'belagarcia30@gmail.com',
 'Aula experimental grátis e 50% de desconto na 1° mensalidade', 'Aguardando assinatura do contrato', NULL);
INSERT INTO "Associates"
 ("Id","Name","Description","Email","Benefit","Situation","AssociateImagemUrl") VALUES
 (350, 'Fox Brasil Francês', NULL, NULL,
 NULL, 'Ignorou Contato após sucessivas tentativas', NULL);
INSERT INTO "Associates"
 ("Id","Name","Description","Email","Benefit","Situation","AssociateImagemUrl") VALUES
 (351, 'Izabela Garcia Yoga', NULL, 'belagarcia30@gmail.com',
 'Aula experimental grátis e 10% desconto no pagamento mensal', 'Aguardando assinatura do contrato', NULL);
INSERT INTO "Associates"
 ("Id","Name","Description","Email","Benefit","Situation","AssociateImagemUrl") VALUES
 (352, 'UbuD Apartments', NULL, 'belagarcia30@gmail.com',
 '10% de desconto em cima do valor do booking', 'Aguardando assinatura do contrato', NULL);
INSERT INTO "AssociateOperations" ("AssociateId","OperationId") VALUES (301,33);
INSERT INTO "AssociateOperations" ("AssociateId","OperationId") VALUES (302,33);
INSERT INTO "AssociateOperations" ("AssociateId","OperationId") VALUES (303,33);
INSERT INTO "AssociateOperations" ("AssociateId","OperationId") VALUES (304,33);
INSERT INTO "AssociateOperations" ("AssociateId","OperationId") VALUES (305,33);
INSERT INTO "AssociateOperations" ("AssociateId","OperationId") VALUES (306,33);
INSERT INTO "AssociateOperations" ("AssociateId","OperationId") VALUES (307,33);
INSERT INTO "AssociateOperations" ("AssociateId","OperationId") VALUES (308,33);
INSERT INTO "AssociateOperations" ("AssociateId","OperationId") VALUES (309,33);
INSERT INTO "AssociateOperations" ("AssociateId","OperationId") VALUES (310,44);
INSERT INTO "AssociateOperations" ("AssociateId","OperationId") VALUES (311,32);
INSERT INTO "AssociateOperations" ("AssociateId","OperationId") VALUES (312,44);
INSERT INTO "AssociateOperations" ("AssociateId","OperationId") VALUES (313,35);
INSERT INTO "AssociateOperations" ("AssociateId","OperationId") VALUES (314,44);
INSERT INTO "AssociateOperations" ("AssociateId","OperationId") VALUES (315,44);
INSERT INTO "AssociateOperations" ("AssociateId","OperationId") VALUES (316,44);
INSERT INTO "AssociateOperations" ("AssociateId","OperationId") VALUES (317,8);
INSERT INTO "AssociateOperations" ("AssociateId","OperationId") VALUES (318,45);
INSERT INTO "AssociateOperations" ("AssociateId","OperationId") VALUES (319,30);
INSERT INTO "AssociateOperations" ("AssociateId","OperationId") VALUES (320,41);
INSERT INTO "AssociateOperations" ("AssociateId","OperationId") VALUES (321,44);
INSERT INTO "AssociateOperations" ("AssociateId","OperationId") VALUES (322,44);
INSERT INTO "AssociateOperations" ("AssociateId","OperationId") VALUES (323,29);
INSERT INTO "AssociateOperations" ("AssociateId","OperationId") VALUES (324,5);
INSERT INTO "AssociateOperations" ("AssociateId","OperationId") VALUES (325,44);
INSERT INTO "AssociateOperations" ("AssociateId","OperationId") VALUES (326,43);
INSERT INTO "AssociateOperations" ("AssociateId","OperationId") VALUES (327,43);
INSERT INTO "AssociateOperations" ("AssociateId","OperationId") VALUES (328,44);
INSERT INTO "AssociateOperations" ("AssociateId","OperationId") VALUES (329,31);
INSERT INTO "AssociateOperations" ("AssociateId","OperationId") VALUES (330,25);
INSERT INTO "AssociateOperations" ("AssociateId","OperationId") VALUES (331,11);
INSERT INTO "AssociateOperations" ("AssociateId","OperationId") VALUES (332,1);
INSERT INTO "AssociateOperations" ("AssociateId","OperationId") VALUES (333,46);
INSERT INTO "AssociateOperations" ("AssociateId","OperationId") VALUES (334,16);
INSERT INTO "AssociateOperations" ("AssociateId","OperationId") VALUES (335,22);
INSERT INTO "AssociateOperations" ("AssociateId","OperationId") VALUES (336,27);
INSERT INTO "AssociateOperations" ("AssociateId","OperationId") VALUES (337,27);
INSERT INTO "AssociateOperations" ("AssociateId","OperationId") VALUES (338,13);
INSERT INTO "AssociateOperations" ("AssociateId","OperationId") VALUES (339,27);
INSERT INTO "AssociateOperations" ("AssociateId","OperationId") VALUES (340,10);
INSERT INTO "AssociateOperations" ("AssociateId","OperationId") VALUES (341,10);
INSERT INTO "AssociateOperations" ("AssociateId","OperationId") VALUES (342,21);
INSERT INTO "AssociateOperations" ("AssociateId","OperationId") VALUES (343,10);
INSERT INTO "AssociateOperations" ("AssociateId","OperationId") VALUES (344,48);
INSERT INTO "AssociateOperations" ("AssociateId","OperationId") VALUES (345,48);
INSERT INTO "AssociateOperations" ("AssociateId","OperationId") VALUES (346,3);
INSERT INTO "AssociateOperations" ("AssociateId","OperationId") VALUES (347,28);
INSERT INTO "AssociateOperations" ("AssociateId","OperationId") VALUES (348,26);
INSERT INTO "AssociateOperations" ("AssociateId","OperationId") VALUES (349,23);
INSERT INTO "AssociateOperations" ("AssociateId","OperationId") VALUES (351,46);
INSERT INTO "AssociateOperations" ("AssociateId","OperationId") VALUES (352,26);

INSERT INTO "Links" ("Id","AssociateId","Name","Type") VALUES
(1, 227, 'https://assertivasc.com.br/', 'Web');
INSERT INTO "Links" ("Id","AssociateId","Name","Type") VALUES
(2, 242, 'https://www.instagram.com/legalselling', 'Instagram');
INSERT INTO "Links" ("Id","AssociateId","Name","Type") VALUES
(3, 337, 'https://www.instagram.com/edecasaenergiasolar?utm_source=ig_web_button_share_sheet&igsh=ZDNlZDc0MzIxNw==', 'Instagram');
INSERT INTO "Links" ("Id","AssociateId","Name","Type") VALUES
(4, 339, 'https://www.instagram.com/pense.solar/', 'Instagram');
INSERT INTO "Links" ("Id","AssociateId","Name","Type") VALUES
(5, 341, 'https://www.instagram.com/otica.silverclass?igsh=bXkydXc0Y3lxOTVn', 'Instagram');
INSERT INTO "Links" ("Id","AssociateId","Name","Type") VALUES
(6, 346, 'https://www.instagram.com/provetbarranova?utm_source=ig_web_button_share_sheet&igsh=ZDNlZDc0MzIxNw==', 'Instagram');
INSERT INTO "Links" ("Id","AssociateId","Name","Type") VALUES
(7, 346, 'https://www.instagram.com/provet_praiadofrances?utm_source=ig_web_button_share_sheet&igsh=ZDNlZDc0MzIxNw==', 'Instagram');
INSERT INTO "Links" ("Id","AssociateId","Name","Type") VALUES
(8, 346, 'https://l.instagram.com/?u=https%3A%2F%2Fwa.me%2Fmessage%2FVTWM6N2CUYCAA1%3Ffbclid%3DPAZXh0bgNhZW0CMTEAAacwu1U9YEfrV5s3_rQsCHllw-qi4teX5tSsTk8DebGGFgRVhRcJZNXCfjly6A_aem_FmVopVb87zo9KHbgeXF8kA&e=AT0J3esDlq6WcBYawL4p9C5_eRBMjrOEt7Ze9HyD5a-nwKqtjOPTvYzT5lKBtUIyUfccE9cqfwt4nP_tDajQpCLVbr3NI9DLKFh0BQ', 'Instagram');
INSERT INTO "Links" ("Id","AssociateId","Name","Type") VALUES
(9, 346, 'https://l.instagram.com/?u=http%3A%2F%2Fapi.whatsapp.com%2Fsend%3Fphone%3D5582999281670%26fbclid%3DPAZXh0bgNhZW0CMTEAAadGyiaHdd6QsA3E3VGtLOSZsbE4VITypFfKrbo8LphTUD-oMsTpQ_LAtRqS0g_aem_qvjEfzMSmSk8dAA4Dz910g&e=AT02vTjH1sAwR2MjNNNHmQgJlMNkcxH5Y0ItfNyx2Eu1-4-iyDzcVYD4ZUiWTF8YwT1mKBOEWGogn9e0o2IfPfi4ibh3AxQ1rBU_qg', 'Instagram');
INSERT INTO "Links" ("Id","AssociateId","Name","Type") VALUES
(10, 348, 'https://www.instagram.com/recantodofran6?utm_source=ig_web_button_share_sheet&igsh=ZDNlZDc0MzIxNw==', 'Instagram');
INSERT INTO "Links" ("Id","AssociateId","Name","Type") VALUES
(11, 348, 'https://api.whatsapp.com/send?phone=5582996420890', 'WhatsApp');
INSERT INTO "Links" ("Id","AssociateId","Name","Type") VALUES
(12, 349, 'https://www.instagram.com/englishforyoupraiadofrances?utm_source=ig_web_button_share_sheet&igsh=ZDNlZDc0MzIxNw==', 'Instagram');
INSERT INTO "Links" ("Id","AssociateId","Name","Type") VALUES
(13, 349, 'https://l.instagram.com/?u=https%3A%2F%2Fwa.me%2F5582998107800%3Ffbclid%3DPAZXh0bgNhZW0CMTEAAae292YZtJcY9N3im5o6AM3nb2DsA75PET6OOKo51t744PcyKlY82ECoVHMI_Q_aem_qQamqABnF5WyiCskHMUXeQ&e=AT3J_JS097Q4ymUSPTv2vCEtakrL7uvBGrxT8PvoLQ-EDa6JrCjmdsNnyPLojw-xo6msj-VX89655cIT4TsggHOnehE7zZt6nZCLeg', 'Instagram');
INSERT INTO "Links" ("Id","AssociateId","Name","Type") VALUES
(14, 351, 'https://www.instagram.com/isabelagarcia.yoga?utm_source=ig_web_button_share_sheet&igsh=ZDNlZDc0MzIxNw==', 'Instagram');
INSERT INTO "Links" ("Id","AssociateId","Name","Type") VALUES
(15, 351, 'https://wa.me/82998107800', 'WhatsApp');
INSERT INTO "Links" ("Id","AssociateId","Name","Type") VALUES
(16, 352, 'https://www.instagram.com/ubud_apartments?utm_source=ig_web_button_share_sheet&igsh=ZDNlZDc0MzIxNw==', 'Instagram');
INSERT INTO "Links" ("Id","AssociateId","Name","Type") VALUES
(17, 352, 'https://www.ubudapartmentspraiadofrances.com/', 'Web');
INSERT INTO "Links" ("Id","AssociateId","Name","Type") VALUES
(18, 352, 'https://wa.me/82998107800', 'WhatsApp');